sample,target_label,target_pred,target_prob,microE_label,microE_count,microE_prob
UPMC_c005_v001_r001_reg049,1.0,1,0.5483118,0,2,0.05114055
UPMC_c005_v001_r001_reg049,1.0,1,0.5483118,1,0,0.040415622
UPMC_c005_v001_r001_reg049,1.0,1,0.5483118,2,0,0.08683448
UPMC_c005_v001_r001_reg049,1.0,1,0.5483118,3,0,0.0012050043
UPMC_c005_v001_r001_reg049,1.0,1,0.5483118,4,2,0.044015054
UPMC_c005_v001_r001_reg049,1.0,1,0.5483118,5,0,0.038930517
UPMC_c005_v001_r001_reg049,1.0,1,0.5483118,6,0,0.114859484
UPMC_c005_v001_r001_reg049,1.0,1,0.5483118,7,18,0.23752128
UPMC_c005_v001_r001_reg049,1.0,1,0.5483118,8,0,0.0049293535
UPMC_c005_v001_r001_reg049,1.0,1,0.5483118,9,0,0.014396931
UPMC_c005_v001_r001_reg049,1.0,1,0.5483118,10,11,0.15091804
UPMC_c005_v001_r001_reg049,1.0,1,0.5483118,11,1,0.098364405
UPMC_c005_v001_r001_reg049,1.0,1,0.5483118,12,1,0.10314606
UPMC_c005_v001_r001_reg049,1.0,1,0.5483118,13,0,0.0087402975
UPMC_c005_v001_r001_reg049,1.0,1,0.5483118,14,0,0.0045828824
UPMC_c006_v001_r001_reg062,1.0,1,0.5483153,0,0,0.008819796
UPMC_c006_v001_r001_reg062,1.0,1,0.5483153,1,7,0.108616695
UPMC_c006_v001_r001_reg062,1.0,1,0.5483153,2,1,0.10233196
UPMC_c006_v001_r001_reg062,1.0,1,0.5483153,3,7,0.06928806
UPMC_c006_v001_r001_reg062,1.0,1,0.5483153,4,1,0.018726414
UPMC_c006_v001_r001_reg062,1.0,1,0.5483153,5,7,0.12998669
UPMC_c006_v001_r001_reg062,1.0,1,0.5483153,6,0,0.007303741
UPMC_c006_v001_r001_reg062,1.0,1,0.5483153,7,18,0.19292389
UPMC_c006_v001_r001_reg062,1.0,1,0.5483153,8,7,0.10345189
UPMC_c006_v001_r001_reg062,1.0,1,0.5483153,9,0,0.045524143
UPMC_c006_v001_r001_reg062,1.0,1,0.5483153,10,4,0.047356673
UPMC_c006_v001_r001_reg062,1.0,1,0.5483153,11,2,0.071099915
UPMC_c006_v001_r001_reg062,1.0,1,0.5483153,12,0,0.030356076
UPMC_c006_v001_r001_reg062,1.0,1,0.5483153,13,2,0.04641228
UPMC_c006_v001_r001_reg062,1.0,1,0.5483153,14,0,0.017801754
UPMC_c002_v001_r001_reg014,0.0,1,0.5483116,0,0,0.0015231618
UPMC_c002_v001_r001_reg014,0.0,1,0.5483116,1,0,0.06425734
UPMC_c002_v001_r001_reg014,0.0,1,0.5483116,2,19,0.266431
UPMC_c002_v001_r001_reg014,0.0,1,0.5483116,3,0,0.0030441452
UPMC_c002_v001_r001_reg014,0.0,1,0.5483116,4,0,0.064320184
UPMC_c002_v001_r001_reg014,0.0,1,0.5483116,5,6,0.14900286
UPMC_c002_v001_r001_reg014,0.0,1,0.5483116,6,0,0.0028744412
UPMC_c002_v001_r001_reg014,0.0,1,0.5483116,7,4,0.17966875
UPMC_c002_v001_r001_reg014,0.0,1,0.5483116,8,0,0.019734077
UPMC_c002_v001_r001_reg014,0.0,1,0.5483116,9,0,0.0040252693
UPMC_c002_v001_r001_reg014,0.0,1,0.5483116,10,1,0.011311989
UPMC_c002_v001_r001_reg014,0.0,1,0.5483116,11,0,0.049921677
UPMC_c002_v001_r001_reg014,0.0,1,0.5483116,12,5,0.14569055
UPMC_c002_v001_r001_reg014,0.0,1,0.5483116,13,0,0.03509297
UPMC_c002_v001_r001_reg014,0.0,1,0.5483116,14,0,0.0031015952
UPMC_c007_v001_r001_reg053,1.0,1,0.5483148,0,0,0.0019156337
UPMC_c007_v001_r001_reg053,1.0,1,0.5483148,1,9,0.1538097
UPMC_c007_v001_r001_reg053,1.0,1,0.5483148,2,1,0.068915576
UPMC_c007_v001_r001_reg053,1.0,1,0.5483148,3,3,0.097617045
UPMC_c007_v001_r001_reg053,1.0,1,0.5483148,4,0,0.046493527
UPMC_c007_v001_r001_reg053,1.0,1,0.5483148,5,1,0.094984524
UPMC_c007_v001_r001_reg053,1.0,1,0.5483148,6,0,0.012092296
UPMC_c007_v001_r001_reg053,1.0,1,0.5483148,7,0,0.025295418
UPMC_c007_v001_r001_reg053,1.0,1,0.5483148,8,10,0.16180122
UPMC_c007_v001_r001_reg053,1.0,1,0.5483148,9,0,0.053767458
UPMC_c007_v001_r001_reg053,1.0,1,0.5483148,10,0,0.013665807
UPMC_c007_v001_r001_reg053,1.0,1,0.5483148,11,0,0.015205813
UPMC_c007_v001_r001_reg053,1.0,1,0.5483148,12,5,0.11095201
UPMC_c007_v001_r001_reg053,1.0,1,0.5483148,13,6,0.13806336
UPMC_c007_v001_r001_reg053,1.0,1,0.5483148,14,0,0.0054206476
UPMC_c007_v001_r001_reg042,1.0,1,0.5483162,0,0,0.02362424
UPMC_c007_v001_r001_reg042,1.0,1,0.5483162,1,6,0.1456187
UPMC_c007_v001_r001_reg042,1.0,1,0.5483162,2,0,0.032355953
UPMC_c007_v001_r001_reg042,1.0,1,0.5483162,3,10,0.14021151
UPMC_c007_v001_r001_reg042,1.0,1,0.5483162,4,0,0.0057519036
UPMC_c007_v001_r001_reg042,1.0,1,0.5483162,5,0,0.066785336
UPMC_c007_v001_r001_reg042,1.0,1,0.5483162,6,0,0.008572684
UPMC_c007_v001_r001_reg042,1.0,1,0.5483162,7,1,0.06663947
UPMC_c007_v001_r001_reg042,1.0,1,0.5483162,8,7,0.15649281
UPMC_c007_v001_r001_reg042,1.0,1,0.5483162,9,2,0.11657888
UPMC_c007_v001_r001_reg042,1.0,1,0.5483162,10,5,0.08167688
UPMC_c007_v001_r001_reg042,1.0,1,0.5483162,11,4,0.08063129
UPMC_c007_v001_r001_reg042,1.0,1,0.5483162,12,0,0.018377248
UPMC_c007_v001_r001_reg042,1.0,1,0.5483162,13,0,0.04777456
UPMC_c007_v001_r001_reg042,1.0,1,0.5483162,14,0,0.008908532
UPMC_c001_v001_r001_reg022,1.0,1,0.54831004,0,0,0.005930988
UPMC_c001_v001_r001_reg022,1.0,1,0.54831004,1,0,0.030890333
UPMC_c001_v001_r001_reg022,1.0,1,0.54831004,2,9,0.23042387
UPMC_c001_v001_r001_reg022,1.0,1,0.54831004,3,0,0.0022951849
UPMC_c001_v001_r001_reg022,1.0,1,0.54831004,4,7,0.19863857
UPMC_c001_v001_r001_reg022,1.0,1,0.54831004,5,1,0.049786117
UPMC_c001_v001_r001_reg022,1.0,1,0.54831004,6,1,0.05184089
UPMC_c001_v001_r001_reg022,1.0,1,0.54831004,7,11,0.18577456
UPMC_c001_v001_r001_reg022,1.0,1,0.54831004,8,0,0.0056186393
UPMC_c001_v001_r001_reg022,1.0,1,0.54831004,9,0,0.004450541
UPMC_c001_v001_r001_reg022,1.0,1,0.54831004,10,0,0.007915001
UPMC_c001_v001_r001_reg022,1.0,1,0.54831004,11,1,0.038147174
UPMC_c001_v001_r001_reg022,1.0,1,0.54831004,12,5,0.16914621
UPMC_c001_v001_r001_reg022,1.0,1,0.54831004,13,0,0.015708007
UPMC_c001_v001_r001_reg022,1.0,1,0.54831004,14,0,0.0034338417
UPMC_c005_v001_r001_reg021,1.0,1,0.54831654,0,0,0.022670614
UPMC_c005_v001_r001_reg021,1.0,1,0.54831654,1,1,0.085903175
UPMC_c005_v001_r001_reg021,1.0,1,0.54831654,2,0,0.024517396
UPMC_c005_v001_r001_reg021,1.0,1,0.54831654,3,4,0.121603064
UPMC_c005_v001_r001_reg021,1.0,1,0.54831654,4,0,0.003066773
UPMC_c005_v001_r001_reg021,1.0,1,0.54831654,5,4,0.091234
UPMC_c005_v001_r001_reg021,1.0,1,0.54831654,6,0,0.041761246
UPMC_c005_v001_r001_reg021,1.0,1,0.54831654,7,1,0.049189627
UPMC_c005_v001_r001_reg021,1.0,1,0.54831654,8,3,0.117336
UPMC_c005_v001_r001_reg021,1.0,1,0.54831654,9,6,0.12002297
UPMC_c005_v001_r001_reg021,1.0,1,0.54831654,10,9,0.124216296
UPMC_c005_v001_r001_reg021,1.0,1,0.54831654,11,1,0.06892075
UPMC_c005_v001_r001_reg021,1.0,1,0.54831654,12,0,0.011907538
UPMC_c005_v001_r001_reg021,1.0,1,0.54831654,13,6,0.113456845
UPMC_c005_v001_r001_reg021,1.0,1,0.54831654,14,0,0.004193738
UPMC_c003_v001_r001_reg028,1.0,1,0.548313,0,4,0.044503476
UPMC_c003_v001_r001_reg028,1.0,1,0.548313,1,1,0.061405715
UPMC_c003_v001_r001_reg028,1.0,1,0.548313,2,3,0.08384303
UPMC_c003_v001_r001_reg028,1.0,1,0.548313,3,2,0.04721695
UPMC_c003_v001_r001_reg028,1.0,1,0.548313,4,4,0.10149393
UPMC_c003_v001_r001_reg028,1.0,1,0.548313,5,2,0.087749556
UPMC_c003_v001_r001_reg028,1.0,1,0.548313,6,0,0.028138785
UPMC_c003_v001_r001_reg028,1.0,1,0.548313,7,4,0.110670045
UPMC_c003_v001_r001_reg028,1.0,1,0.548313,8,0,0.03454145
UPMC_c003_v001_r001_reg028,1.0,1,0.548313,9,3,0.06690753
UPMC_c003_v001_r001_reg028,1.0,1,0.548313,10,1,0.051888023
UPMC_c003_v001_r001_reg028,1.0,1,0.548313,11,4,0.071087256
UPMC_c003_v001_r001_reg028,1.0,1,0.548313,12,6,0.13788256
UPMC_c003_v001_r001_reg028,1.0,1,0.548313,13,1,0.06469707
UPMC_c003_v001_r001_reg028,1.0,1,0.548313,14,0,0.007974594
UPMC_c004_v001_r001_reg062,1.0,1,0.54831225,0,0,0.055279013
UPMC_c004_v001_r001_reg062,1.0,1,0.54831225,1,0,0.04203761
UPMC_c004_v001_r001_reg062,1.0,1,0.54831225,2,4,0.1641732
UPMC_c004_v001_r001_reg062,1.0,1,0.54831225,3,1,0.026572814
UPMC_c004_v001_r001_reg062,1.0,1,0.54831225,4,0,0.025889803
UPMC_c004_v001_r001_reg062,1.0,1,0.54831225,5,0,0.053643357
UPMC_c004_v001_r001_reg062,1.0,1,0.54831225,6,0,0.020601364
UPMC_c004_v001_r001_reg062,1.0,1,0.54831225,7,18,0.2688398
UPMC_c004_v001_r001_reg062,1.0,1,0.54831225,8,1,0.023432972
UPMC_c004_v001_r001_reg062,1.0,1,0.54831225,9,0,0.027662376
UPMC_c004_v001_r001_reg062,1.0,1,0.54831225,10,1,0.03281793
UPMC_c004_v001_r001_reg062,1.0,1,0.54831225,11,8,0.15392873
UPMC_c004_v001_r001_reg062,1.0,1,0.54831225,12,0,0.0619933
UPMC_c004_v001_r001_reg062,1.0,1,0.54831225,13,2,0.03564543
UPMC_c004_v001_r001_reg062,1.0,1,0.54831225,14,0,0.007482303
UPMC_c005_v001_r001_reg020,1.0,1,0.5483118,0,0,0.0031018609
UPMC_c005_v001_r001_reg020,1.0,1,0.5483118,1,0,0.06044267
UPMC_c005_v001_r001_reg020,1.0,1,0.5483118,2,1,0.10038022
UPMC_c005_v001_r001_reg020,1.0,1,0.5483118,3,0,0.006443426
UPMC_c005_v001_r001_reg020,1.0,1,0.5483118,4,11,0.23854361
UPMC_c005_v001_r001_reg020,1.0,1,0.5483118,5,1,0.040634174
UPMC_c005_v001_r001_reg020,1.0,1,0.5483118,6,2,0.06669833
UPMC_c005_v001_r001_reg020,1.0,1,0.5483118,7,8,0.1325963
UPMC_c005_v001_r001_reg020,1.0,1,0.5483118,8,1,0.014215149
UPMC_c005_v001_r001_reg020,1.0,1,0.5483118,9,0,0.0062792078
UPMC_c005_v001_r001_reg020,1.0,1,0.5483118,10,0,0.02585606
UPMC_c005_v001_r001_reg020,1.0,1,0.5483118,11,0,0.02732171
UPMC_c005_v001_r001_reg020,1.0,1,0.5483118,12,11,0.2431739
UPMC_c005_v001_r001_reg020,1.0,1,0.5483118,13,0,0.032905966
UPMC_c005_v001_r001_reg020,1.0,1,0.5483118,14,0,0.0014074203
UPMC_c005_v001_r001_reg009,1.0,1,0.5483142,0,0,0.024220271
UPMC_c005_v001_r001_reg009,1.0,1,0.5483142,1,0,0.07078406
UPMC_c005_v001_r001_reg009,1.0,1,0.5483142,2,9,0.181784
UPMC_c005_v001_r001_reg009,1.0,1,0.5483142,3,3,0.058080386
UPMC_c005_v001_r001_reg009,1.0,1,0.5483142,4,0,0.015218694
UPMC_c005_v001_r001_reg009,1.0,1,0.5483142,5,9,0.14459915
UPMC_c005_v001_r001_reg009,1.0,1,0.5483142,6,0,0.0088625215
UPMC_c005_v001_r001_reg009,1.0,1,0.5483142,7,7,0.15655671
UPMC_c005_v001_r001_reg009,1.0,1,0.5483142,8,0,0.056947093
UPMC_c005_v001_r001_reg009,1.0,1,0.5483142,9,0,0.028604375
UPMC_c005_v001_r001_reg009,1.0,1,0.5483142,10,1,0.042675275
UPMC_c005_v001_r001_reg009,1.0,1,0.5483142,11,4,0.10120944
UPMC_c005_v001_r001_reg009,1.0,1,0.5483142,12,0,0.04292716
UPMC_c005_v001_r001_reg009,1.0,1,0.5483142,13,2,0.051904384
UPMC_c005_v001_r001_reg009,1.0,1,0.5483142,14,0,0.015626496
UPMC_c005_v001_r001_reg033,0.0,1,0.548314,0,0,0.0019006704
UPMC_c005_v001_r001_reg033,0.0,1,0.548314,1,12,0.17311358
UPMC_c005_v001_r001_reg033,0.0,1,0.548314,2,11,0.19637518
UPMC_c005_v001_r001_reg033,0.0,1,0.548314,3,0,0.03003335
UPMC_c005_v001_r001_reg033,0.0,1,0.548314,4,0,0.025623074
UPMC_c005_v001_r001_reg033,0.0,1,0.548314,5,1,0.08751506
UPMC_c005_v001_r001_reg033,0.0,1,0.548314,6,0,0.00579915
UPMC_c005_v001_r001_reg033,0.0,1,0.548314,7,6,0.16729929
UPMC_c005_v001_r001_reg033,0.0,1,0.548314,8,0,0.058953345
UPMC_c005_v001_r001_reg033,0.0,1,0.548314,9,0,0.01505224
UPMC_c005_v001_r001_reg033,0.0,1,0.548314,10,0,0.011417436
UPMC_c005_v001_r001_reg033,0.0,1,0.548314,11,1,0.05319718
UPMC_c005_v001_r001_reg033,0.0,1,0.548314,12,1,0.086284995
UPMC_c005_v001_r001_reg033,0.0,1,0.548314,13,3,0.08318023
UPMC_c005_v001_r001_reg033,0.0,1,0.548314,14,0,0.0042552077
UPMC_c007_v001_r001_reg046,1.0,1,0.5483137,0,0,0.01117554
UPMC_c007_v001_r001_reg046,1.0,1,0.5483137,1,5,0.121831134
UPMC_c007_v001_r001_reg046,1.0,1,0.5483137,2,1,0.06264653
UPMC_c007_v001_r001_reg046,1.0,1,0.5483137,3,4,0.08305262
UPMC_c007_v001_r001_reg046,1.0,1,0.5483137,4,3,0.11500944
UPMC_c007_v001_r001_reg046,1.0,1,0.5483137,5,0,0.05698712
UPMC_c007_v001_r001_reg046,1.0,1,0.5483137,6,0,0.0039779935
UPMC_c007_v001_r001_reg046,1.0,1,0.5483137,7,2,0.056203377
UPMC_c007_v001_r001_reg046,1.0,1,0.5483137,8,0,0.07654893
UPMC_c007_v001_r001_reg046,1.0,1,0.5483137,9,0,0.03726014
UPMC_c007_v001_r001_reg046,1.0,1,0.5483137,10,5,0.07175314
UPMC_c007_v001_r001_reg046,1.0,1,0.5483137,11,0,0.013233838
UPMC_c007_v001_r001_reg046,1.0,1,0.5483137,12,11,0.17738082
UPMC_c007_v001_r001_reg046,1.0,1,0.5483137,13,4,0.10666549
UPMC_c007_v001_r001_reg046,1.0,1,0.5483137,14,0,0.0062739244
UPMC_c006_v001_r001_reg020,1.0,1,0.5483172,0,4,0.057612028
UPMC_c006_v001_r001_reg020,1.0,1,0.5483172,1,1,0.072741635
UPMC_c006_v001_r001_reg020,1.0,1,0.5483172,2,0,0.021284087
UPMC_c006_v001_r001_reg020,1.0,1,0.5483172,3,26,0.26217017
UPMC_c006_v001_r001_reg020,1.0,1,0.5483172,4,1,0.012197832
UPMC_c006_v001_r001_reg020,1.0,1,0.5483172,5,4,0.052130215
UPMC_c006_v001_r001_reg020,1.0,1,0.5483172,6,0,0.007892259
UPMC_c006_v001_r001_reg020,1.0,1,0.5483172,7,2,0.03989408
UPMC_c006_v001_r001_reg020,1.0,1,0.5483172,8,6,0.14218427
UPMC_c006_v001_r001_reg020,1.0,1,0.5483172,9,7,0.14907229
UPMC_c006_v001_r001_reg020,1.0,1,0.5483172,10,4,0.049904305
UPMC_c006_v001_r001_reg020,1.0,1,0.5483172,11,1,0.05320219
UPMC_c006_v001_r001_reg020,1.0,1,0.5483172,12,0,0.012678183
UPMC_c006_v001_r001_reg020,1.0,1,0.5483172,13,0,0.04266909
UPMC_c006_v001_r001_reg020,1.0,1,0.5483172,14,0,0.024367334
UPMC_c007_v001_r001_reg007,1.0,1,0.5483172,0,21,0.44239616
UPMC_c007_v001_r001_reg007,1.0,1,0.5483172,1,1,0.05515207
UPMC_c007_v001_r001_reg007,1.0,1,0.5483172,2,0,0.029942581
UPMC_c007_v001_r001_reg007,1.0,1,0.5483172,3,0,0.042531352
UPMC_c007_v001_r001_reg007,1.0,1,0.5483172,4,2,0.037322283
UPMC_c007_v001_r001_reg007,1.0,1,0.5483172,5,0,0.014935126
UPMC_c007_v001_r001_reg007,1.0,1,0.5483172,6,0,0.0044112084
UPMC_c007_v001_r001_reg007,1.0,1,0.5483172,7,6,0.08311181
UPMC_c007_v001_r001_reg007,1.0,1,0.5483172,8,0,0.023521824
UPMC_c007_v001_r001_reg007,1.0,1,0.5483172,9,2,0.08975943
UPMC_c007_v001_r001_reg007,1.0,1,0.5483172,10,1,0.02894859
UPMC_c007_v001_r001_reg007,1.0,1,0.5483172,11,2,0.07983688
UPMC_c007_v001_r001_reg007,1.0,1,0.5483172,12,0,0.038274486
UPMC_c007_v001_r001_reg007,1.0,1,0.5483172,13,0,0.020593153
UPMC_c007_v001_r001_reg007,1.0,1,0.5483172,14,0,0.009263075
UPMC_c007_v001_r001_reg014,1.0,1,0.5483174,0,3,0.08948505
UPMC_c007_v001_r001_reg014,1.0,1,0.5483174,1,0,0.059454177
UPMC_c007_v001_r001_reg014,1.0,1,0.5483174,2,0,0.016260635
UPMC_c007_v001_r001_reg014,1.0,1,0.5483174,3,16,0.26026747
UPMC_c007_v001_r001_reg014,1.0,1,0.5483174,4,0,0.01681895
UPMC_c007_v001_r001_reg014,1.0,1,0.5483174,5,0,0.029291848
UPMC_c007_v001_r001_reg014,1.0,1,0.5483174,6,0,0.00723132
UPMC_c007_v001_r001_reg014,1.0,1,0.5483174,7,0,0.038377166
UPMC_c007_v001_r001_reg014,1.0,1,0.5483174,8,1,0.07878164
UPMC_c007_v001_r001_reg014,1.0,1,0.5483174,9,5,0.18940656
UPMC_c007_v001_r001_reg014,1.0,1,0.5483174,10,7,0.071205735
UPMC_c007_v001_r001_reg014,1.0,1,0.5483174,11,3,0.07055776
UPMC_c007_v001_r001_reg014,1.0,1,0.5483174,12,0,0.01632038
UPMC_c007_v001_r001_reg014,1.0,1,0.5483174,13,0,0.03580382
UPMC_c007_v001_r001_reg014,1.0,1,0.5483174,14,0,0.020737553
UPMC_c004_v001_r001_reg012,1.0,1,0.548311,0,1,0.011699467
UPMC_c004_v001_r001_reg012,1.0,1,0.548311,1,0,0.061072323
UPMC_c004_v001_r001_reg012,1.0,1,0.548311,2,5,0.15707457
UPMC_c004_v001_r001_reg012,1.0,1,0.548311,3,0,0.0019197309
UPMC_c004_v001_r001_reg012,1.0,1,0.548311,4,3,0.14099616
UPMC_c004_v001_r001_reg012,1.0,1,0.548311,5,1,0.045636997
UPMC_c004_v001_r001_reg012,1.0,1,0.548311,6,0,0.00833195
UPMC_c004_v001_r001_reg012,1.0,1,0.548311,7,22,0.31956723
UPMC_c004_v001_r001_reg012,1.0,1,0.548311,8,0,0.0049190447
UPMC_c004_v001_r001_reg012,1.0,1,0.548311,9,0,0.008094831
UPMC_c004_v001_r001_reg012,1.0,1,0.548311,10,0,0.03167583
UPMC_c004_v001_r001_reg012,1.0,1,0.548311,11,0,0.012392161
UPMC_c004_v001_r001_reg012,1.0,1,0.548311,12,3,0.1756192
UPMC_c004_v001_r001_reg012,1.0,1,0.548311,13,0,0.01634342
UPMC_c004_v001_r001_reg012,1.0,1,0.548311,14,0,0.004657053
UPMC_c005_v001_r001_reg015,0.0,1,0.54831135,0,0,0.00016124222
UPMC_c005_v001_r001_reg015,0.0,1,0.54831135,1,0,0.062254585
UPMC_c005_v001_r001_reg015,0.0,1,0.54831135,2,12,0.23602223
UPMC_c005_v001_r001_reg015,0.0,1,0.54831135,3,0,0.0031356227
UPMC_c005_v001_r001_reg015,0.0,1,0.54831135,4,3,0.1970971
UPMC_c005_v001_r001_reg015,0.0,1,0.54831135,5,0,0.04275093
UPMC_c005_v001_r001_reg015,0.0,1,0.54831135,6,0,0.006087818
UPMC_c005_v001_r001_reg015,0.0,1,0.54831135,7,2,0.06491524
UPMC_c005_v001_r001_reg015,0.0,1,0.54831135,8,0,0.015232744
UPMC_c005_v001_r001_reg015,0.0,1,0.54831135,9,0,0.0022408932
UPMC_c005_v001_r001_reg015,0.0,1,0.54831135,10,0,0.009552215
UPMC_c005_v001_r001_reg015,0.0,1,0.54831135,11,0,0.0050627375
UPMC_c005_v001_r001_reg015,0.0,1,0.54831135,12,18,0.295701
UPMC_c005_v001_r001_reg015,0.0,1,0.54831135,13,0,0.058886986
UPMC_c005_v001_r001_reg015,0.0,1,0.54831135,14,0,0.0008985846
UPMC_c001_v001_r001_reg036,0.0,1,0.54831034,0,0,0.00043472863
UPMC_c001_v001_r001_reg036,0.0,1,0.54831034,1,0,0.034336522
UPMC_c001_v001_r001_reg036,0.0,1,0.54831034,2,18,0.34302264
UPMC_c001_v001_r001_reg036,0.0,1,0.54831034,3,0,0.000113663875
UPMC_c001_v001_r001_reg036,0.0,1,0.54831034,4,1,0.06481875
UPMC_c001_v001_r001_reg036,0.0,1,0.54831034,5,0,0.055600695
UPMC_c001_v001_r001_reg036,0.0,1,0.54831034,6,0,0.004162233
UPMC_c001_v001_r001_reg036,0.0,1,0.54831034,7,16,0.35159847
UPMC_c001_v001_r001_reg036,0.0,1,0.54831034,8,0,0.0021041417
UPMC_c001_v001_r001_reg036,0.0,1,0.54831034,9,0,0.0010618509
UPMC_c001_v001_r001_reg036,0.0,1,0.54831034,10,0,0.015584537
UPMC_c001_v001_r001_reg036,0.0,1,0.54831034,11,0,0.027598767
UPMC_c001_v001_r001_reg036,0.0,1,0.54831034,12,0,0.09071682
UPMC_c001_v001_r001_reg036,0.0,1,0.54831034,13,0,0.005669666
UPMC_c001_v001_r001_reg036,0.0,1,0.54831034,14,0,0.003176566
UPMC_c005_v001_r001_reg045,1.0,1,0.54831374,0,0,0.0033565732
UPMC_c005_v001_r001_reg045,1.0,1,0.54831374,1,1,0.07268772
UPMC_c005_v001_r001_reg045,1.0,1,0.54831374,2,2,0.08599137
UPMC_c005_v001_r001_reg045,1.0,1,0.54831374,3,7,0.12293923
UPMC_c005_v001_r001_reg045,1.0,1,0.54831374,4,1,0.07141487
UPMC_c005_v001_r001_reg045,1.0,1,0.54831374,5,1,0.063981965
UPMC_c005_v001_r001_reg045,1.0,1,0.54831374,6,8,0.12812756
UPMC_c005_v001_r001_reg045,1.0,1,0.54831374,7,2,0.050043754
UPMC_c005_v001_r001_reg045,1.0,1,0.54831374,8,7,0.11177336
UPMC_c005_v001_r001_reg045,1.0,1,0.54831374,9,1,0.05592307
UPMC_c005_v001_r001_reg045,1.0,1,0.54831374,10,0,0.023687392
UPMC_c005_v001_r001_reg045,1.0,1,0.54831374,11,0,0.020062553
UPMC_c005_v001_r001_reg045,1.0,1,0.54831374,12,4,0.105536364
UPMC_c005_v001_r001_reg045,1.0,1,0.54831374,13,1,0.08017178
UPMC_c005_v001_r001_reg045,1.0,1,0.54831374,14,0,0.0043024593
UPMC_c003_v001_r001_reg017,1.0,1,0.5483131,0,2,0.03425827
UPMC_c003_v001_r001_reg017,1.0,1,0.5483131,1,0,0.059331622
UPMC_c003_v001_r001_reg017,1.0,1,0.5483131,2,4,0.15848784
UPMC_c003_v001_r001_reg017,1.0,1,0.5483131,3,0,0.023819927
UPMC_c003_v001_r001_reg017,1.0,1,0.5483131,4,0,0.038361512
UPMC_c003_v001_r001_reg017,1.0,1,0.5483131,5,0,0.05398001
UPMC_c003_v001_r001_reg017,1.0,1,0.5483131,6,0,0.011176701
UPMC_c003_v001_r001_reg017,1.0,1,0.5483131,7,6,0.15248783
UPMC_c003_v001_r001_reg017,1.0,1,0.5483131,8,0,0.017546562
UPMC_c003_v001_r001_reg017,1.0,1,0.5483131,9,4,0.04065953
UPMC_c003_v001_r001_reg017,1.0,1,0.5483131,10,1,0.06553813
UPMC_c003_v001_r001_reg017,1.0,1,0.5483131,11,0,0.023892589
UPMC_c003_v001_r001_reg017,1.0,1,0.5483131,12,17,0.274392
UPMC_c003_v001_r001_reg017,1.0,1,0.5483131,13,1,0.038931727
UPMC_c003_v001_r001_reg017,1.0,1,0.5483131,14,0,0.0071357517
UPMC_c007_v001_r001_reg043,1.0,1,0.5483147,0,0,0.009011666
UPMC_c007_v001_r001_reg043,1.0,1,0.5483147,1,2,0.107406415
UPMC_c007_v001_r001_reg043,1.0,1,0.5483147,2,1,0.074644096
UPMC_c007_v001_r001_reg043,1.0,1,0.5483147,3,1,0.039094746
UPMC_c007_v001_r001_reg043,1.0,1,0.5483147,4,1,0.027300669
UPMC_c007_v001_r001_reg043,1.0,1,0.5483147,5,13,0.1923008
UPMC_c007_v001_r001_reg043,1.0,1,0.5483147,6,0,0.0216407
UPMC_c007_v001_r001_reg043,1.0,1,0.5483147,7,7,0.15311703
UPMC_c007_v001_r001_reg043,1.0,1,0.5483147,8,5,0.123849444
UPMC_c007_v001_r001_reg043,1.0,1,0.5483147,9,1,0.04914338
UPMC_c007_v001_r001_reg043,1.0,1,0.5483147,10,0,0.029551417
UPMC_c007_v001_r001_reg043,1.0,1,0.5483147,11,1,0.07142516
UPMC_c007_v001_r001_reg043,1.0,1,0.5483147,12,3,0.043816045
UPMC_c007_v001_r001_reg043,1.0,1,0.5483147,13,0,0.04684682
UPMC_c007_v001_r001_reg043,1.0,1,0.5483147,14,0,0.010851645
UPMC_c006_v001_r001_reg031,1.0,1,0.5483153,0,0,0.010827901
UPMC_c006_v001_r001_reg031,1.0,1,0.5483153,1,0,0.10653745
UPMC_c006_v001_r001_reg031,1.0,1,0.5483153,2,1,0.054607693
UPMC_c006_v001_r001_reg031,1.0,1,0.5483153,3,19,0.16992895
UPMC_c006_v001_r001_reg031,1.0,1,0.5483153,4,1,0.022621032
UPMC_c006_v001_r001_reg031,1.0,1,0.5483153,5,4,0.0838769
UPMC_c006_v001_r001_reg031,1.0,1,0.5483153,6,0,0.010510565
UPMC_c006_v001_r001_reg031,1.0,1,0.5483153,7,7,0.08605037
UPMC_c006_v001_r001_reg031,1.0,1,0.5483153,8,7,0.14803682
UPMC_c006_v001_r001_reg031,1.0,1,0.5483153,9,4,0.08562295
UPMC_c006_v001_r001_reg031,1.0,1,0.5483153,10,3,0.04516997
UPMC_c006_v001_r001_reg031,1.0,1,0.5483153,11,3,0.043715097
UPMC_c006_v001_r001_reg031,1.0,1,0.5483153,12,0,0.0465931
UPMC_c006_v001_r001_reg031,1.0,1,0.5483153,13,7,0.06985997
UPMC_c006_v001_r001_reg031,1.0,1,0.5483153,14,0,0.016041249
UPMC_c004_v001_r001_reg057,1.0,1,0.548317,0,14,0.31608322
UPMC_c004_v001_r001_reg057,1.0,1,0.548317,1,0,0.026581619
UPMC_c004_v001_r001_reg057,1.0,1,0.548317,2,0,0.0043658386
UPMC_c004_v001_r001_reg057,1.0,1,0.548317,3,5,0.09210026
UPMC_c004_v001_r001_reg057,1.0,1,0.548317,4,0,0.0010787956
UPMC_c004_v001_r001_reg057,1.0,1,0.548317,5,0,0.021118492
UPMC_c004_v001_r001_reg057,1.0,1,0.548317,6,0,0.021536082
UPMC_c004_v001_r001_reg057,1.0,1,0.548317,7,0,0.02563051
UPMC_c004_v001_r001_reg057,1.0,1,0.548317,8,0,0.033146624
UPMC_c004_v001_r001_reg057,1.0,1,0.548317,9,5,0.16019167
UPMC_c004_v001_r001_reg057,1.0,1,0.548317,10,4,0.102284394
UPMC_c004_v001_r001_reg057,1.0,1,0.548317,11,4,0.1321155
UPMC_c004_v001_r001_reg057,1.0,1,0.548317,12,0,0.008041496
UPMC_c004_v001_r001_reg057,1.0,1,0.548317,13,3,0.044963777
UPMC_c004_v001_r001_reg057,1.0,1,0.548317,14,0,0.010761777
UPMC_c006_v001_r001_reg054,1.0,1,0.5483163,0,14,0.18928003
UPMC_c006_v001_r001_reg054,1.0,1,0.5483163,1,0,0.040674422
UPMC_c006_v001_r001_reg054,1.0,1,0.5483163,2,0,0.016355189
UPMC_c006_v001_r001_reg054,1.0,1,0.5483163,3,20,0.22006644
UPMC_c006_v001_r001_reg054,1.0,1,0.5483163,4,0,0.021219697
UPMC_c006_v001_r001_reg054,1.0,1,0.5483163,5,0,0.031862337
UPMC_c006_v001_r001_reg054,1.0,1,0.5483163,6,0,0.008917226
UPMC_c006_v001_r001_reg054,1.0,1,0.5483163,7,3,0.044524763
UPMC_c006_v001_r001_reg054,1.0,1,0.5483163,8,6,0.0911725
UPMC_c006_v001_r001_reg054,1.0,1,0.5483163,9,1,0.12637857
UPMC_c006_v001_r001_reg054,1.0,1,0.5483163,10,8,0.07007097
UPMC_c006_v001_r001_reg054,1.0,1,0.5483163,11,2,0.07532811
UPMC_c006_v001_r001_reg054,1.0,1,0.5483163,12,0,0.0154624125
UPMC_c006_v001_r001_reg054,1.0,1,0.5483163,13,0,0.0238089
UPMC_c006_v001_r001_reg054,1.0,1,0.5483163,14,2,0.024878385
UPMC_c007_v001_r001_reg003,1.0,1,0.5483126,0,1,0.06332424
UPMC_c007_v001_r001_reg003,1.0,1,0.5483126,1,1,0.059798975
UPMC_c007_v001_r001_reg003,1.0,1,0.5483126,2,3,0.09619733
UPMC_c007_v001_r001_reg003,1.0,1,0.5483126,3,1,0.028306654
UPMC_c007_v001_r001_reg003,1.0,1,0.5483126,4,0,0.053462565
UPMC_c007_v001_r001_reg003,1.0,1,0.5483126,5,0,0.049640812
UPMC_c007_v001_r001_reg003,1.0,1,0.5483126,6,0,0.021961344
UPMC_c007_v001_r001_reg003,1.0,1,0.5483126,7,9,0.15921259
UPMC_c007_v001_r001_reg003,1.0,1,0.5483126,8,0,0.02345216
UPMC_c007_v001_r001_reg003,1.0,1,0.5483126,9,2,0.08203834
UPMC_c007_v001_r001_reg003,1.0,1,0.5483126,10,15,0.18812586
UPMC_c007_v001_r001_reg003,1.0,1,0.5483126,11,0,0.039198596
UPMC_c007_v001_r001_reg003,1.0,1,0.5483126,12,2,0.07122887
UPMC_c007_v001_r001_reg003,1.0,1,0.5483126,13,1,0.04181935
UPMC_c007_v001_r001_reg003,1.0,1,0.5483126,14,0,0.022232266
UPMC_c001_v001_r001_reg012,1.0,1,0.5483136,0,2,0.06635847
UPMC_c001_v001_r001_reg012,1.0,1,0.5483136,1,0,0.07981858
UPMC_c001_v001_r001_reg012,1.0,1,0.5483136,2,3,0.09898744
UPMC_c001_v001_r001_reg012,1.0,1,0.5483136,3,0,0.015825963
UPMC_c001_v001_r001_reg012,1.0,1,0.5483136,4,0,0.03490511
UPMC_c001_v001_r001_reg012,1.0,1,0.5483136,5,0,0.03883305
UPMC_c001_v001_r001_reg012,1.0,1,0.5483136,6,0,0.014792428
UPMC_c001_v001_r001_reg012,1.0,1,0.5483136,7,0,0.09385099
UPMC_c001_v001_r001_reg012,1.0,1,0.5483136,8,0,0.03066395
UPMC_c001_v001_r001_reg012,1.0,1,0.5483136,9,0,0.054795653
UPMC_c001_v001_r001_reg012,1.0,1,0.5483136,10,6,0.12972826
UPMC_c001_v001_r001_reg012,1.0,1,0.5483136,11,7,0.13111074
UPMC_c001_v001_r001_reg012,1.0,1,0.5483136,12,17,0.16483115
UPMC_c001_v001_r001_reg012,1.0,1,0.5483136,13,0,0.03999474
UPMC_c001_v001_r001_reg012,1.0,1,0.5483136,14,0,0.005503458
UPMC_c007_v001_r001_reg006,1.0,1,0.54831207,0,1,0.034560513
UPMC_c007_v001_r001_reg006,1.0,1,0.54831207,1,2,0.06827205
UPMC_c007_v001_r001_reg006,1.0,1,0.54831207,2,1,0.06691863
UPMC_c007_v001_r001_reg006,1.0,1,0.54831207,3,0,0.020480365
UPMC_c007_v001_r001_reg006,1.0,1,0.54831207,4,11,0.3132898
UPMC_c007_v001_r001_reg006,1.0,1,0.54831207,5,0,0.029434115
UPMC_c007_v001_r001_reg006,1.0,1,0.54831207,6,0,0.010164949
UPMC_c007_v001_r001_reg006,1.0,1,0.54831207,7,5,0.09123578
UPMC_c007_v001_r001_reg006,1.0,1,0.54831207,8,0,0.026912605
UPMC_c007_v001_r001_reg006,1.0,1,0.54831207,9,0,0.045990363
UPMC_c007_v001_r001_reg006,1.0,1,0.54831207,10,11,0.099646896
UPMC_c007_v001_r001_reg006,1.0,1,0.54831207,11,0,0.038848396
UPMC_c007_v001_r001_reg006,1.0,1,0.54831207,12,4,0.09638888
UPMC_c007_v001_r001_reg006,1.0,1,0.54831207,13,0,0.037175
UPMC_c007_v001_r001_reg006,1.0,1,0.54831207,14,0,0.02068173
UPMC_c001_v001_r001_reg029,1.0,1,0.5483139,0,0,0.01654924
UPMC_c001_v001_r001_reg029,1.0,1,0.5483139,1,0,0.06905478
UPMC_c001_v001_r001_reg029,1.0,1,0.5483139,2,3,0.08993564
UPMC_c001_v001_r001_reg029,1.0,1,0.5483139,3,0,0.007346837
UPMC_c001_v001_r001_reg029,1.0,1,0.5483139,4,1,0.04471815
UPMC_c001_v001_r001_reg029,1.0,1,0.5483139,5,0,0.03554282
UPMC_c001_v001_r001_reg029,1.0,1,0.5483139,6,0,0.018477147
UPMC_c001_v001_r001_reg029,1.0,1,0.5483139,7,12,0.21776038
UPMC_c001_v001_r001_reg029,1.0,1,0.5483139,8,0,0.024921581
UPMC_c001_v001_r001_reg029,1.0,1,0.5483139,9,0,0.02129893
UPMC_c001_v001_r001_reg029,1.0,1,0.5483139,10,0,0.059659727
UPMC_c001_v001_r001_reg029,1.0,1,0.5483139,11,13,0.2539578
UPMC_c001_v001_r001_reg029,1.0,1,0.5483139,12,6,0.10583027
UPMC_c001_v001_r001_reg029,1.0,1,0.5483139,13,0,0.030597994
UPMC_c001_v001_r001_reg029,1.0,1,0.5483139,14,0,0.0043486804
UPMC_c002_v001_r001_reg027,1.0,1,0.54831165,0,0,0.00028425045
UPMC_c002_v001_r001_reg027,1.0,1,0.54831165,1,0,0.065186016
UPMC_c002_v001_r001_reg027,1.0,1,0.54831165,2,9,0.19922374
UPMC_c002_v001_r001_reg027,1.0,1,0.54831165,3,0,0.005094624
UPMC_c002_v001_r001_reg027,1.0,1,0.54831165,4,7,0.14537296
UPMC_c002_v001_r001_reg027,1.0,1,0.54831165,5,2,0.07151588
UPMC_c002_v001_r001_reg027,1.0,1,0.54831165,6,0,0.007622574
UPMC_c002_v001_r001_reg027,1.0,1,0.54831165,7,9,0.19821179
UPMC_c002_v001_r001_reg027,1.0,1,0.54831165,8,0,0.022612052
UPMC_c002_v001_r001_reg027,1.0,1,0.54831165,9,0,0.0047824755
UPMC_c002_v001_r001_reg027,1.0,1,0.54831165,10,0,0.010427182
UPMC_c002_v001_r001_reg027,1.0,1,0.54831165,11,0,0.013999248
UPMC_c002_v001_r001_reg027,1.0,1,0.54831165,12,7,0.19427438
UPMC_c002_v001_r001_reg027,1.0,1,0.54831165,13,1,0.059327025
UPMC_c002_v001_r001_reg027,1.0,1,0.54831165,14,0,0.0020658018
UPMC_c003_v001_r001_reg018,0.0,1,0.5483126,0,4,0.07696344
UPMC_c003_v001_r001_reg018,0.0,1,0.5483126,1,1,0.04779343
UPMC_c003_v001_r001_reg018,0.0,1,0.5483126,2,3,0.10714035
UPMC_c003_v001_r001_reg018,0.0,1,0.5483126,3,2,0.04880153
UPMC_c003_v001_r001_reg018,0.0,1,0.5483126,4,3,0.09182372
UPMC_c003_v001_r001_reg018,0.0,1,0.5483126,5,0,0.039181367
UPMC_c003_v001_r001_reg018,0.0,1,0.5483126,6,0,0.014227718
UPMC_c003_v001_r001_reg018,0.0,1,0.5483126,7,11,0.19335084
UPMC_c003_v001_r001_reg018,0.0,1,0.5483126,8,0,0.025294589
UPMC_c003_v001_r001_reg018,0.0,1,0.5483126,9,6,0.08947031
UPMC_c003_v001_r001_reg018,0.0,1,0.5483126,10,2,0.08598558
UPMC_c003_v001_r001_reg018,0.0,1,0.5483126,11,0,0.02873559
UPMC_c003_v001_r001_reg018,0.0,1,0.5483126,12,3,0.09168295
UPMC_c003_v001_r001_reg018,0.0,1,0.5483126,13,0,0.048927847
UPMC_c003_v001_r001_reg018,0.0,1,0.5483126,14,0,0.0106207095
UPMC_c007_v001_r001_reg050,1.0,1,0.54831374,0,0,0.028513502
UPMC_c007_v001_r001_reg050,1.0,1,0.54831374,1,4,0.11748954
UPMC_c007_v001_r001_reg050,1.0,1,0.54831374,2,5,0.13651013
UPMC_c007_v001_r001_reg050,1.0,1,0.54831374,3,0,0.027677184
UPMC_c007_v001_r001_reg050,1.0,1,0.54831374,4,0,0.031822845
UPMC_c007_v001_r001_reg050,1.0,1,0.54831374,5,0,0.066307984
UPMC_c007_v001_r001_reg050,1.0,1,0.54831374,6,0,0.012094963
UPMC_c007_v001_r001_reg050,1.0,1,0.54831374,7,6,0.12277648
UPMC_c007_v001_r001_reg050,1.0,1,0.54831374,8,1,0.05781047
UPMC_c007_v001_r001_reg050,1.0,1,0.54831374,9,0,0.027455563
UPMC_c007_v001_r001_reg050,1.0,1,0.54831374,10,4,0.06981703
UPMC_c007_v001_r001_reg050,1.0,1,0.54831374,11,4,0.10357438
UPMC_c007_v001_r001_reg050,1.0,1,0.54831374,12,11,0.16182388
UPMC_c007_v001_r001_reg050,1.0,1,0.54831374,13,0,0.027919069
UPMC_c007_v001_r001_reg050,1.0,1,0.54831374,14,0,0.00840697
UPMC_c002_v001_r001_reg018,0.0,1,0.5483133,0,4,0.07797631
UPMC_c002_v001_r001_reg018,0.0,1,0.5483133,1,1,0.041893624
UPMC_c002_v001_r001_reg018,0.0,1,0.5483133,2,0,0.034058083
UPMC_c002_v001_r001_reg018,0.0,1,0.5483133,3,0,0.045628835
UPMC_c002_v001_r001_reg018,0.0,1,0.5483133,4,8,0.19230053
UPMC_c002_v001_r001_reg018,0.0,1,0.5483133,5,1,0.039042227
UPMC_c002_v001_r001_reg018,0.0,1,0.5483133,6,0,0.011471489
UPMC_c002_v001_r001_reg018,0.0,1,0.5483133,7,6,0.115232415
UPMC_c002_v001_r001_reg018,0.0,1,0.5483133,8,0,0.028421026
UPMC_c002_v001_r001_reg018,0.0,1,0.5483133,9,3,0.081054255
UPMC_c002_v001_r001_reg018,0.0,1,0.5483133,10,8,0.12963077
UPMC_c002_v001_r001_reg018,0.0,1,0.5483133,11,1,0.049588896
UPMC_c002_v001_r001_reg018,0.0,1,0.5483133,12,3,0.09500192
UPMC_c002_v001_r001_reg018,0.0,1,0.5483133,13,0,0.046507787
UPMC_c002_v001_r001_reg018,0.0,1,0.5483133,14,0,0.012191832
UPMC_c001_v001_r001_reg038,0.0,1,0.5483124,0,0,0.0060461885
UPMC_c001_v001_r001_reg038,0.0,1,0.5483124,1,0,0.049037382
UPMC_c001_v001_r001_reg038,0.0,1,0.5483124,2,2,0.121937074
UPMC_c001_v001_r001_reg038,0.0,1,0.5483124,3,0,0.0022747102
UPMC_c001_v001_r001_reg038,0.0,1,0.5483124,4,1,0.05296976
UPMC_c001_v001_r001_reg038,0.0,1,0.5483124,5,0,0.08084674
UPMC_c001_v001_r001_reg038,0.0,1,0.5483124,6,1,0.030890474
UPMC_c001_v001_r001_reg038,0.0,1,0.5483124,7,19,0.28684315
UPMC_c001_v001_r001_reg038,0.0,1,0.5483124,8,0,0.011961298
UPMC_c001_v001_r001_reg038,0.0,1,0.5483124,9,0,0.007189797
UPMC_c001_v001_r001_reg038,0.0,1,0.5483124,10,0,0.043135095
UPMC_c001_v001_r001_reg038,0.0,1,0.5483124,11,5,0.13252605
UPMC_c001_v001_r001_reg038,0.0,1,0.5483124,12,7,0.15553737
UPMC_c001_v001_r001_reg038,0.0,1,0.5483124,13,0,0.013841134
UPMC_c001_v001_r001_reg038,0.0,1,0.5483124,14,0,0.004963759
UPMC_c007_v001_r001_reg038,1.0,1,0.5483179,0,24,0.4922789
UPMC_c007_v001_r001_reg038,1.0,1,0.5483179,1,1,0.03396954
UPMC_c007_v001_r001_reg038,1.0,1,0.5483179,2,0,0.0027958208
UPMC_c007_v001_r001_reg038,1.0,1,0.5483179,3,1,0.06563908
UPMC_c007_v001_r001_reg038,1.0,1,0.5483179,4,0,0.00066736917
UPMC_c007_v001_r001_reg038,1.0,1,0.5483179,5,0,0.0062623895
UPMC_c007_v001_r001_reg038,1.0,1,0.5483179,6,0,0.0038958797
UPMC_c007_v001_r001_reg038,1.0,1,0.5483179,7,0,0.025126608
UPMC_c007_v001_r001_reg038,1.0,1,0.5483179,8,0,0.034541946
UPMC_c007_v001_r001_reg038,1.0,1,0.5483179,9,5,0.15243764
UPMC_c007_v001_r001_reg038,1.0,1,0.5483179,10,0,0.04838274
UPMC_c007_v001_r001_reg038,1.0,1,0.5483179,11,4,0.111671075
UPMC_c007_v001_r001_reg038,1.0,1,0.5483179,12,0,0.003281607
UPMC_c007_v001_r001_reg038,1.0,1,0.5483179,13,0,0.014627925
UPMC_c007_v001_r001_reg038,1.0,1,0.5483179,14,0,0.0044214833
UPMC_c002_v001_r001_reg012,0.0,1,0.5483112,0,0,0.0018197768
UPMC_c002_v001_r001_reg012,0.0,1,0.5483112,1,0,0.052234173
UPMC_c002_v001_r001_reg012,0.0,1,0.5483112,2,12,0.22773564
UPMC_c002_v001_r001_reg012,0.0,1,0.5483112,3,0,0.0023992565
UPMC_c002_v001_r001_reg012,0.0,1,0.5483112,4,2,0.091991834
UPMC_c002_v001_r001_reg012,0.0,1,0.5483112,5,4,0.15246679
UPMC_c002_v001_r001_reg012,0.0,1,0.5483112,6,0,0.0058434033
UPMC_c002_v001_r001_reg012,0.0,1,0.5483112,7,3,0.137793
UPMC_c002_v001_r001_reg012,0.0,1,0.5483112,8,0,0.015853414
UPMC_c002_v001_r001_reg012,0.0,1,0.5483112,9,0,0.004789471
UPMC_c002_v001_r001_reg012,0.0,1,0.5483112,10,0,0.009994972
UPMC_c002_v001_r001_reg012,0.0,1,0.5483112,11,1,0.046597596
UPMC_c002_v001_r001_reg012,0.0,1,0.5483112,12,12,0.21259953
UPMC_c002_v001_r001_reg012,0.0,1,0.5483112,13,1,0.030093806
UPMC_c002_v001_r001_reg012,0.0,1,0.5483112,14,0,0.007787273
UPMC_c002_v001_r001_reg003,0.0,1,0.54831094,0,0,0.0033321371
UPMC_c002_v001_r001_reg003,0.0,1,0.54831094,1,0,0.043249715
UPMC_c002_v001_r001_reg003,0.0,1,0.54831094,2,17,0.26293316
UPMC_c002_v001_r001_reg003,0.0,1,0.54831094,3,0,0.0034464907
UPMC_c002_v001_r001_reg003,0.0,1,0.54831094,4,3,0.081683874
UPMC_c002_v001_r001_reg003,0.0,1,0.54831094,5,7,0.17763536
UPMC_c002_v001_r001_reg003,0.0,1,0.54831094,6,0,0.0045676385
UPMC_c002_v001_r001_reg003,0.0,1,0.54831094,7,3,0.13753843
UPMC_c002_v001_r001_reg003,0.0,1,0.54831094,8,0,0.01593137
UPMC_c002_v001_r001_reg003,0.0,1,0.54831094,9,0,0.007725539
UPMC_c002_v001_r001_reg003,0.0,1,0.54831094,10,1,0.011193675
UPMC_c002_v001_r001_reg003,0.0,1,0.54831094,11,1,0.05774276
UPMC_c002_v001_r001_reg003,0.0,1,0.54831094,12,2,0.14590852
UPMC_c002_v001_r001_reg003,0.0,1,0.54831094,13,1,0.025193496
UPMC_c002_v001_r001_reg003,0.0,1,0.54831094,14,0,0.021917846
UPMC_c007_v001_r001_reg058,1.0,1,0.54831594,0,8,0.1657722
UPMC_c007_v001_r001_reg058,1.0,1,0.54831594,1,0,0.051212084
UPMC_c007_v001_r001_reg058,1.0,1,0.54831594,2,0,0.011889534
UPMC_c007_v001_r001_reg058,1.0,1,0.54831594,3,4,0.07705546
UPMC_c007_v001_r001_reg058,1.0,1,0.54831594,4,0,0.009833917
UPMC_c007_v001_r001_reg058,1.0,1,0.54831594,5,0,0.011799481
UPMC_c007_v001_r001_reg058,1.0,1,0.54831594,6,0,0.06386428
UPMC_c007_v001_r001_reg058,1.0,1,0.54831594,7,4,0.08267625
UPMC_c007_v001_r001_reg058,1.0,1,0.54831594,8,0,0.034322362
UPMC_c007_v001_r001_reg058,1.0,1,0.54831594,9,3,0.111373134
UPMC_c007_v001_r001_reg058,1.0,1,0.54831594,10,16,0.24541672
UPMC_c007_v001_r001_reg058,1.0,1,0.54831594,11,0,0.07490782
UPMC_c007_v001_r001_reg058,1.0,1,0.54831594,12,0,0.023380905
UPMC_c007_v001_r001_reg058,1.0,1,0.54831594,13,0,0.029019536
UPMC_c007_v001_r001_reg058,1.0,1,0.54831594,14,0,0.0074762506
UPMC_c007_v001_r001_reg012,1.0,1,0.5483162,0,9,0.2497234
UPMC_c007_v001_r001_reg012,1.0,1,0.5483162,1,1,0.056497365
UPMC_c007_v001_r001_reg012,1.0,1,0.5483162,2,0,0.0079683615
UPMC_c007_v001_r001_reg012,1.0,1,0.5483162,3,6,0.07882043
UPMC_c007_v001_r001_reg012,1.0,1,0.5483162,4,0,0.005342235
UPMC_c007_v001_r001_reg012,1.0,1,0.5483162,5,0,0.013694823
UPMC_c007_v001_r001_reg012,1.0,1,0.5483162,6,0,0.009988
UPMC_c007_v001_r001_reg012,1.0,1,0.5483162,7,0,0.040344216
UPMC_c007_v001_r001_reg012,1.0,1,0.5483162,8,0,0.029872414
UPMC_c007_v001_r001_reg012,1.0,1,0.5483162,9,1,0.1159005
UPMC_c007_v001_r001_reg012,1.0,1,0.5483162,10,8,0.15926163
UPMC_c007_v001_r001_reg012,1.0,1,0.5483162,11,9,0.18086882
UPMC_c007_v001_r001_reg012,1.0,1,0.5483162,12,1,0.027582584
UPMC_c007_v001_r001_reg012,1.0,1,0.5483162,13,0,0.01910781
UPMC_c007_v001_r001_reg012,1.0,1,0.5483162,14,0,0.0050273947
UPMC_c006_v001_r001_reg029,1.0,1,0.5483155,0,8,0.13197854
UPMC_c006_v001_r001_reg029,1.0,1,0.5483155,1,1,0.06602856
UPMC_c006_v001_r001_reg029,1.0,1,0.5483155,2,1,0.038813837
UPMC_c006_v001_r001_reg029,1.0,1,0.5483155,3,3,0.046708584
UPMC_c006_v001_r001_reg029,1.0,1,0.5483155,4,0,0.01099316
UPMC_c006_v001_r001_reg029,1.0,1,0.5483155,5,4,0.084728055
UPMC_c006_v001_r001_reg029,1.0,1,0.5483155,6,0,0.004341594
UPMC_c006_v001_r001_reg029,1.0,1,0.5483155,7,6,0.12634416
UPMC_c006_v001_r001_reg029,1.0,1,0.5483155,8,6,0.07419095
UPMC_c006_v001_r001_reg029,1.0,1,0.5483155,9,0,0.055975944
UPMC_c006_v001_r001_reg029,1.0,1,0.5483155,10,1,0.041907303
UPMC_c006_v001_r001_reg029,1.0,1,0.5483155,11,24,0.26249143
UPMC_c006_v001_r001_reg029,1.0,1,0.5483155,12,0,0.015446727
UPMC_c006_v001_r001_reg029,1.0,1,0.5483155,13,1,0.025291426
UPMC_c006_v001_r001_reg029,1.0,1,0.5483155,14,1,0.014759679
UPMC_c004_v001_r001_reg043,1.0,1,0.5483174,0,29,0.56942207
UPMC_c004_v001_r001_reg043,1.0,1,0.5483174,1,1,0.034094233
UPMC_c004_v001_r001_reg043,1.0,1,0.5483174,2,0,0.004014625
UPMC_c004_v001_r001_reg043,1.0,1,0.5483174,3,0,0.044385657
UPMC_c004_v001_r001_reg043,1.0,1,0.5483174,4,0,0.001348109
UPMC_c004_v001_r001_reg043,1.0,1,0.5483174,5,0,0.009088873
UPMC_c004_v001_r001_reg043,1.0,1,0.5483174,6,0,0.009761028
UPMC_c004_v001_r001_reg043,1.0,1,0.5483174,7,1,0.03917034
UPMC_c004_v001_r001_reg043,1.0,1,0.5483174,8,0,0.01486289
UPMC_c004_v001_r001_reg043,1.0,1,0.5483174,9,1,0.12257538
UPMC_c004_v001_r001_reg043,1.0,1,0.5483174,10,0,0.044326372
UPMC_c004_v001_r001_reg043,1.0,1,0.5483174,11,3,0.0887733
UPMC_c004_v001_r001_reg043,1.0,1,0.5483174,12,0,0.0071324874
UPMC_c004_v001_r001_reg043,1.0,1,0.5483174,13,0,0.0073587187
UPMC_c004_v001_r001_reg043,1.0,1,0.5483174,14,0,0.0036858865
UPMC_c007_v001_r001_reg032,1.0,1,0.5483158,0,0,0.024174348
UPMC_c007_v001_r001_reg032,1.0,1,0.5483158,1,6,0.14509201
UPMC_c007_v001_r001_reg032,1.0,1,0.5483158,2,0,0.04467595
UPMC_c007_v001_r001_reg032,1.0,1,0.5483158,3,0,0.07200787
UPMC_c007_v001_r001_reg032,1.0,1,0.5483158,4,0,0.003730065
UPMC_c007_v001_r001_reg032,1.0,1,0.5483158,5,8,0.14357975
UPMC_c007_v001_r001_reg032,1.0,1,0.5483158,6,0,0.0023057994
UPMC_c007_v001_r001_reg032,1.0,1,0.5483158,7,2,0.07746268
UPMC_c007_v001_r001_reg032,1.0,1,0.5483158,8,6,0.14654596
UPMC_c007_v001_r001_reg032,1.0,1,0.5483158,9,8,0.15297697
UPMC_c007_v001_r001_reg032,1.0,1,0.5483158,10,0,0.020628767
UPMC_c007_v001_r001_reg032,1.0,1,0.5483158,11,5,0.091226354
UPMC_c007_v001_r001_reg032,1.0,1,0.5483158,12,0,0.02183723
UPMC_c007_v001_r001_reg032,1.0,1,0.5483158,13,0,0.04449458
UPMC_c007_v001_r001_reg032,1.0,1,0.5483158,14,0,0.00926169
UPMC_c001_v001_r001_reg001,0.0,1,0.5483108,0,0,0.001247841
UPMC_c001_v001_r001_reg001,0.0,1,0.5483108,1,0,0.04541562
UPMC_c001_v001_r001_reg001,0.0,1,0.5483108,2,12,0.24473394
UPMC_c001_v001_r001_reg001,0.0,1,0.5483108,3,0,0.0016503329
UPMC_c001_v001_r001_reg001,0.0,1,0.5483108,4,7,0.13874683
UPMC_c001_v001_r001_reg001,0.0,1,0.5483108,5,0,0.08225389
UPMC_c001_v001_r001_reg001,0.0,1,0.5483108,6,2,0.033965982
UPMC_c001_v001_r001_reg001,0.0,1,0.5483108,7,12,0.23047023
UPMC_c001_v001_r001_reg001,0.0,1,0.5483108,8,0,0.010768735
UPMC_c001_v001_r001_reg001,0.0,1,0.5483108,9,0,0.0023828817
UPMC_c001_v001_r001_reg001,0.0,1,0.5483108,10,0,0.015544956
UPMC_c001_v001_r001_reg001,0.0,1,0.5483108,11,0,0.039769974
UPMC_c001_v001_r001_reg001,0.0,1,0.5483108,12,2,0.13784575
UPMC_c001_v001_r001_reg001,0.0,1,0.5483108,13,0,0.013008861
UPMC_c001_v001_r001_reg001,0.0,1,0.5483108,14,0,0.0021941885
UPMC_c002_v001_r001_reg007,0.0,1,0.5483115,0,0,0.013733266
UPMC_c002_v001_r001_reg007,0.0,1,0.5483115,1,0,0.045860644
UPMC_c002_v001_r001_reg007,0.0,1,0.5483115,2,9,0.18715516
UPMC_c002_v001_r001_reg007,0.0,1,0.5483115,3,0,0.0046237037
UPMC_c002_v001_r001_reg007,0.0,1,0.5483115,4,4,0.109601855
UPMC_c002_v001_r001_reg007,0.0,1,0.5483115,5,4,0.12202903
UPMC_c002_v001_r001_reg007,0.0,1,0.5483115,6,0,0.021109203
UPMC_c002_v001_r001_reg007,0.0,1,0.5483115,7,8,0.16025108
UPMC_c002_v001_r001_reg007,0.0,1,0.5483115,8,1,0.031610522
UPMC_c002_v001_r001_reg007,0.0,1,0.5483115,9,0,0.010474832
UPMC_c002_v001_r001_reg007,0.0,1,0.5483115,10,1,0.050813865
UPMC_c002_v001_r001_reg007,0.0,1,0.5483115,11,3,0.06919885
UPMC_c002_v001_r001_reg007,0.0,1,0.5483115,12,4,0.1389367
UPMC_c002_v001_r001_reg007,0.0,1,0.5483115,13,1,0.030577278
UPMC_c002_v001_r001_reg007,0.0,1,0.5483115,14,0,0.0040239566
UPMC_c005_v001_r001_reg027,1.0,1,0.5483158,0,6,0.14695528
UPMC_c005_v001_r001_reg027,1.0,1,0.5483158,1,0,0.05481129
UPMC_c005_v001_r001_reg027,1.0,1,0.5483158,2,0,0.03222535
UPMC_c005_v001_r001_reg027,1.0,1,0.5483158,3,2,0.06888837
UPMC_c005_v001_r001_reg027,1.0,1,0.5483158,4,0,0.0014458107
UPMC_c005_v001_r001_reg027,1.0,1,0.5483158,5,5,0.119737595
UPMC_c005_v001_r001_reg027,1.0,1,0.5483158,6,0,0.002489907
UPMC_c005_v001_r001_reg027,1.0,1,0.5483158,7,0,0.05672817
UPMC_c005_v001_r001_reg027,1.0,1,0.5483158,8,3,0.09472132
UPMC_c005_v001_r001_reg027,1.0,1,0.5483158,9,1,0.06836425
UPMC_c005_v001_r001_reg027,1.0,1,0.5483158,10,0,0.009595816
UPMC_c005_v001_r001_reg027,1.0,1,0.5483158,11,14,0.263691
UPMC_c005_v001_r001_reg027,1.0,1,0.5483158,12,0,0.012392855
UPMC_c005_v001_r001_reg027,1.0,1,0.5483158,13,4,0.06011444
UPMC_c005_v001_r001_reg027,1.0,1,0.5483158,14,0,0.00783856
UPMC_c006_v001_r001_reg028,1.0,1,0.5483129,0,1,0.03852851
UPMC_c006_v001_r001_reg028,1.0,1,0.5483129,1,2,0.053429615
UPMC_c006_v001_r001_reg028,1.0,1,0.5483129,2,1,0.07571719
UPMC_c006_v001_r001_reg028,1.0,1,0.5483129,3,0,0.03299586
UPMC_c006_v001_r001_reg028,1.0,1,0.5483129,4,12,0.11533899
UPMC_c006_v001_r001_reg028,1.0,1,0.5483129,5,2,0.06906311
UPMC_c006_v001_r001_reg028,1.0,1,0.5483129,6,0,0.01762456
UPMC_c006_v001_r001_reg028,1.0,1,0.5483129,7,3,0.061184257
UPMC_c006_v001_r001_reg028,1.0,1,0.5483129,8,2,0.04313773
UPMC_c006_v001_r001_reg028,1.0,1,0.5483129,9,3,0.07441479
UPMC_c006_v001_r001_reg028,1.0,1,0.5483129,10,19,0.15093519
UPMC_c006_v001_r001_reg028,1.0,1,0.5483129,11,0,0.04046658
UPMC_c006_v001_r001_reg028,1.0,1,0.5483129,12,10,0.1365963
UPMC_c006_v001_r001_reg028,1.0,1,0.5483129,13,1,0.073641114
UPMC_c006_v001_r001_reg028,1.0,1,0.5483129,14,0,0.016926171
UPMC_c005_v001_r001_reg005,1.0,1,0.5483163,0,14,0.28890112
UPMC_c005_v001_r001_reg005,1.0,1,0.5483163,1,0,0.02786312
UPMC_c005_v001_r001_reg005,1.0,1,0.5483163,2,0,0.012643128
UPMC_c005_v001_r001_reg005,1.0,1,0.5483163,3,4,0.07553827
UPMC_c005_v001_r001_reg005,1.0,1,0.5483163,4,0,0.02164519
UPMC_c005_v001_r001_reg005,1.0,1,0.5483163,5,0,0.017069548
UPMC_c005_v001_r001_reg005,1.0,1,0.5483163,6,0,0.02907189
UPMC_c005_v001_r001_reg005,1.0,1,0.5483163,7,1,0.069931164
UPMC_c005_v001_r001_reg005,1.0,1,0.5483163,8,0,0.039295796
UPMC_c005_v001_r001_reg005,1.0,1,0.5483163,9,4,0.12735958
UPMC_c005_v001_r001_reg005,1.0,1,0.5483163,10,12,0.16467078
UPMC_c005_v001_r001_reg005,1.0,1,0.5483163,11,0,0.07400248
UPMC_c005_v001_r001_reg005,1.0,1,0.5483163,12,0,0.014045928
UPMC_c005_v001_r001_reg005,1.0,1,0.5483163,13,0,0.029448155
UPMC_c005_v001_r001_reg005,1.0,1,0.5483163,14,0,0.008513812
UPMC_c004_v001_r001_reg027,1.0,1,0.54831684,0,23,0.51290154
UPMC_c004_v001_r001_reg027,1.0,1,0.54831684,1,0,0.022959001
UPMC_c004_v001_r001_reg027,1.0,1,0.54831684,2,0,0.01005331
UPMC_c004_v001_r001_reg027,1.0,1,0.54831684,3,4,0.0669739
UPMC_c004_v001_r001_reg027,1.0,1,0.54831684,4,1,0.029192805
UPMC_c004_v001_r001_reg027,1.0,1,0.54831684,5,0,0.008058873
UPMC_c004_v001_r001_reg027,1.0,1,0.54831684,6,0,0.013939268
UPMC_c004_v001_r001_reg027,1.0,1,0.54831684,7,0,0.026569173
UPMC_c004_v001_r001_reg027,1.0,1,0.54831684,8,0,0.022716807
UPMC_c004_v001_r001_reg027,1.0,1,0.54831684,9,1,0.08472609
UPMC_c004_v001_r001_reg027,1.0,1,0.54831684,10,3,0.05944723
UPMC_c004_v001_r001_reg027,1.0,1,0.54831684,11,1,0.083892554
UPMC_c004_v001_r001_reg027,1.0,1,0.54831684,12,2,0.036350735
UPMC_c004_v001_r001_reg027,1.0,1,0.54831684,13,0,0.016223008
UPMC_c004_v001_r001_reg027,1.0,1,0.54831684,14,0,0.005995734
UPMC_c001_v001_r001_reg030,0.0,1,0.5483127,0,0,0.002620689
UPMC_c001_v001_r001_reg030,0.0,1,0.5483127,1,1,0.06719753
UPMC_c001_v001_r001_reg030,0.0,1,0.5483127,2,2,0.15167177
UPMC_c001_v001_r001_reg030,0.0,1,0.5483127,3,0,0.011289111
UPMC_c001_v001_r001_reg030,0.0,1,0.5483127,4,6,0.13170779
UPMC_c001_v001_r001_reg030,0.0,1,0.5483127,5,12,0.187089
UPMC_c001_v001_r001_reg030,0.0,1,0.5483127,6,0,0.010026168
UPMC_c001_v001_r001_reg030,0.0,1,0.5483127,7,4,0.093810916
UPMC_c001_v001_r001_reg030,0.0,1,0.5483127,8,0,0.030352913
UPMC_c001_v001_r001_reg030,0.0,1,0.5483127,9,0,0.016130699
UPMC_c001_v001_r001_reg030,0.0,1,0.5483127,10,0,0.025699524
UPMC_c001_v001_r001_reg030,0.0,1,0.5483127,11,3,0.05871704
UPMC_c001_v001_r001_reg030,0.0,1,0.5483127,12,6,0.14587244
UPMC_c001_v001_r001_reg030,0.0,1,0.5483127,13,1,0.06518548
UPMC_c001_v001_r001_reg030,0.0,1,0.5483127,14,0,0.0026289201
UPMC_c004_v001_r001_reg047,1.0,1,0.5483154,0,0,0.0019355048
UPMC_c004_v001_r001_reg047,1.0,1,0.5483154,1,0,0.070362784
UPMC_c004_v001_r001_reg047,1.0,1,0.5483154,2,1,0.11207839
UPMC_c004_v001_r001_reg047,1.0,1,0.5483154,3,10,0.14043662
UPMC_c004_v001_r001_reg047,1.0,1,0.5483154,4,0,0.014182064
UPMC_c004_v001_r001_reg047,1.0,1,0.5483154,5,15,0.23947664
UPMC_c004_v001_r001_reg047,1.0,1,0.5483154,6,0,0.0076757595
UPMC_c004_v001_r001_reg047,1.0,1,0.5483154,7,5,0.09599992
UPMC_c004_v001_r001_reg047,1.0,1,0.5483154,8,0,0.07893068
UPMC_c004_v001_r001_reg047,1.0,1,0.5483154,9,0,0.028877994
UPMC_c004_v001_r001_reg047,1.0,1,0.5483154,10,0,0.01536349
UPMC_c004_v001_r001_reg047,1.0,1,0.5483154,11,0,0.021181762
UPMC_c004_v001_r001_reg047,1.0,1,0.5483154,12,0,0.042809784
UPMC_c004_v001_r001_reg047,1.0,1,0.5483154,13,4,0.123287626
UPMC_c004_v001_r001_reg047,1.0,1,0.5483154,14,0,0.007400946
UPMC_c001_v001_r001_reg011,1.0,1,0.5483127,0,0,0.0015359649
UPMC_c001_v001_r001_reg011,1.0,1,0.5483127,1,1,0.098374985
UPMC_c001_v001_r001_reg011,1.0,1,0.5483127,2,6,0.14313066
UPMC_c001_v001_r001_reg011,1.0,1,0.5483127,3,0,0.016289085
UPMC_c001_v001_r001_reg011,1.0,1,0.5483127,4,7,0.11834792
UPMC_c001_v001_r001_reg011,1.0,1,0.5483127,5,0,0.026171168
UPMC_c001_v001_r001_reg011,1.0,1,0.5483127,6,0,0.027319422
UPMC_c001_v001_r001_reg011,1.0,1,0.5483127,7,15,0.2021572
UPMC_c001_v001_r001_reg011,1.0,1,0.5483127,8,1,0.038720686
UPMC_c001_v001_r001_reg011,1.0,1,0.5483127,9,0,0.023644617
UPMC_c001_v001_r001_reg011,1.0,1,0.5483127,10,1,0.03878097
UPMC_c001_v001_r001_reg011,1.0,1,0.5483127,11,0,0.018519146
UPMC_c001_v001_r001_reg011,1.0,1,0.5483127,12,4,0.13590845
UPMC_c001_v001_r001_reg011,1.0,1,0.5483127,13,0,0.10295886
UPMC_c001_v001_r001_reg011,1.0,1,0.5483127,14,0,0.008140892
UPMC_c006_v001_r001_reg050,1.0,1,0.5483124,0,0,0.009294222
UPMC_c006_v001_r001_reg050,1.0,1,0.5483124,1,1,0.074809566
UPMC_c006_v001_r001_reg050,1.0,1,0.5483124,2,7,0.12831154
UPMC_c006_v001_r001_reg050,1.0,1,0.5483124,3,0,0.009217866
UPMC_c006_v001_r001_reg050,1.0,1,0.5483124,4,1,0.0693891
UPMC_c006_v001_r001_reg050,1.0,1,0.5483124,5,0,0.050934725
UPMC_c006_v001_r001_reg050,1.0,1,0.5483124,6,0,0.015278066
UPMC_c006_v001_r001_reg050,1.0,1,0.5483124,7,29,0.26974127
UPMC_c006_v001_r001_reg050,1.0,1,0.5483124,8,0,0.018624524
UPMC_c006_v001_r001_reg050,1.0,1,0.5483124,9,0,0.025652835
UPMC_c006_v001_r001_reg050,1.0,1,0.5483124,10,5,0.061193593
UPMC_c006_v001_r001_reg050,1.0,1,0.5483124,11,0,0.057604343
UPMC_c006_v001_r001_reg050,1.0,1,0.5483124,12,13,0.16416655
UPMC_c006_v001_r001_reg050,1.0,1,0.5483124,13,0,0.03246152
UPMC_c006_v001_r001_reg050,1.0,1,0.5483124,14,0,0.013320257
UPMC_c005_v001_r001_reg022,1.0,1,0.5483152,0,1,0.038524836
UPMC_c005_v001_r001_reg022,1.0,1,0.5483152,1,0,0.058396693
UPMC_c005_v001_r001_reg022,1.0,1,0.5483152,2,2,0.054952726
UPMC_c005_v001_r001_reg022,1.0,1,0.5483152,3,8,0.11869715
UPMC_c005_v001_r001_reg022,1.0,1,0.5483152,4,0,0.023704818
UPMC_c005_v001_r001_reg022,1.0,1,0.5483152,5,2,0.07554288
UPMC_c005_v001_r001_reg022,1.0,1,0.5483152,6,1,0.06234312
UPMC_c005_v001_r001_reg022,1.0,1,0.5483152,7,0,0.024688007
UPMC_c005_v001_r001_reg022,1.0,1,0.5483152,8,1,0.08818608
UPMC_c005_v001_r001_reg022,1.0,1,0.5483152,9,4,0.08779509
UPMC_c005_v001_r001_reg022,1.0,1,0.5483152,10,5,0.09289945
UPMC_c005_v001_r001_reg022,1.0,1,0.5483152,11,0,0.031307213
UPMC_c005_v001_r001_reg022,1.0,1,0.5483152,12,3,0.095983945
UPMC_c005_v001_r001_reg022,1.0,1,0.5483152,13,8,0.14440845
UPMC_c005_v001_r001_reg022,1.0,1,0.5483152,14,0,0.0025695616
UPMC_c006_v001_r001_reg039,1.0,1,0.5483169,0,0,0.02508383
UPMC_c006_v001_r001_reg039,1.0,1,0.5483169,1,2,0.11507144
UPMC_c006_v001_r001_reg039,1.0,1,0.5483169,2,1,0.027095793
UPMC_c006_v001_r001_reg039,1.0,1,0.5483169,3,12,0.16275969
UPMC_c006_v001_r001_reg039,1.0,1,0.5483169,4,0,0.012338339
UPMC_c006_v001_r001_reg039,1.0,1,0.5483169,5,3,0.066989735
UPMC_c006_v001_r001_reg039,1.0,1,0.5483169,6,0,0.011175073
UPMC_c006_v001_r001_reg039,1.0,1,0.5483169,7,4,0.07201725
UPMC_c006_v001_r001_reg039,1.0,1,0.5483169,8,20,0.21631445
UPMC_c006_v001_r001_reg039,1.0,1,0.5483169,9,4,0.084179334
UPMC_c006_v001_r001_reg039,1.0,1,0.5483169,10,5,0.071382865
UPMC_c006_v001_r001_reg039,1.0,1,0.5483169,11,3,0.061912775
UPMC_c006_v001_r001_reg039,1.0,1,0.5483169,12,0,0.013461783
UPMC_c006_v001_r001_reg039,1.0,1,0.5483169,13,0,0.043608878
UPMC_c006_v001_r001_reg039,1.0,1,0.5483169,14,2,0.016608719
UPMC_c002_v001_r001_reg013,0.0,1,0.5483117,0,0,0.00090064097
UPMC_c002_v001_r001_reg013,0.0,1,0.5483117,1,0,0.059426036
UPMC_c002_v001_r001_reg013,0.0,1,0.5483117,2,5,0.15951912
UPMC_c002_v001_r001_reg013,0.0,1,0.5483117,3,0,0.004428843
UPMC_c002_v001_r001_reg013,0.0,1,0.5483117,4,2,0.0908417
UPMC_c002_v001_r001_reg013,0.0,1,0.5483117,5,1,0.070395745
UPMC_c002_v001_r001_reg013,0.0,1,0.5483117,6,0,0.004399623
UPMC_c002_v001_r001_reg013,0.0,1,0.5483117,7,18,0.26931718
UPMC_c002_v001_r001_reg013,0.0,1,0.5483117,8,0,0.027033305
UPMC_c002_v001_r001_reg013,0.0,1,0.5483117,9,0,0.0040489803
UPMC_c002_v001_r001_reg013,0.0,1,0.5483117,10,0,0.025296446
UPMC_c002_v001_r001_reg013,0.0,1,0.5483117,11,0,0.028763475
UPMC_c002_v001_r001_reg013,0.0,1,0.5483117,12,8,0.19248085
UPMC_c002_v001_r001_reg013,0.0,1,0.5483117,13,1,0.05687561
UPMC_c002_v001_r001_reg013,0.0,1,0.5483117,14,0,0.0062724142
UPMC_c006_v001_r001_reg019,1.0,1,0.5483166,0,48,0.65157026
UPMC_c006_v001_r001_reg019,1.0,1,0.5483166,1,0,0.016149659
UPMC_c006_v001_r001_reg019,1.0,1,0.5483166,2,0,0.003746433
UPMC_c006_v001_r001_reg019,1.0,1,0.5483166,3,0,0.030265966
UPMC_c006_v001_r001_reg019,1.0,1,0.5483166,4,1,0.0051444764
UPMC_c006_v001_r001_reg019,1.0,1,0.5483166,5,0,0.008957389
UPMC_c006_v001_r001_reg019,1.0,1,0.5483166,6,0,0.0030622215
UPMC_c006_v001_r001_reg019,1.0,1,0.5483166,7,2,0.03029174
UPMC_c006_v001_r001_reg019,1.0,1,0.5483166,8,0,0.014362252
UPMC_c006_v001_r001_reg019,1.0,1,0.5483166,9,2,0.1248358
UPMC_c006_v001_r001_reg019,1.0,1,0.5483166,10,1,0.021640897
UPMC_c006_v001_r001_reg019,1.0,1,0.5483166,11,2,0.07092729
UPMC_c006_v001_r001_reg019,1.0,1,0.5483166,12,0,0.0037857422
UPMC_c006_v001_r001_reg019,1.0,1,0.5483166,13,0,0.006292716
UPMC_c006_v001_r001_reg019,1.0,1,0.5483166,14,0,0.008967285
UPMC_c006_v001_r001_reg015,0.0,1,0.54831195,0,0,0.0036073418
UPMC_c006_v001_r001_reg015,0.0,1,0.54831195,1,2,0.09963207
UPMC_c006_v001_r001_reg015,0.0,1,0.54831195,2,15,0.19871943
UPMC_c006_v001_r001_reg015,0.0,1,0.54831195,3,0,0.010595464
UPMC_c006_v001_r001_reg015,0.0,1,0.54831195,4,12,0.139488
UPMC_c006_v001_r001_reg015,0.0,1,0.54831195,5,2,0.07028464
UPMC_c006_v001_r001_reg015,0.0,1,0.54831195,6,3,0.048305362
UPMC_c006_v001_r001_reg015,0.0,1,0.54831195,7,6,0.10819013
UPMC_c006_v001_r001_reg015,0.0,1,0.54831195,8,0,0.030404577
UPMC_c006_v001_r001_reg015,0.0,1,0.54831195,9,0,0.011346659
UPMC_c006_v001_r001_reg015,0.0,1,0.54831195,10,4,0.036440093
UPMC_c006_v001_r001_reg015,0.0,1,0.54831195,11,0,0.016675908
UPMC_c006_v001_r001_reg015,0.0,1,0.54831195,12,10,0.14737077
UPMC_c006_v001_r001_reg015,0.0,1,0.54831195,13,2,0.0667478
UPMC_c006_v001_r001_reg015,0.0,1,0.54831195,14,0,0.01219175
UPMC_c004_v001_r001_reg015,1.0,1,0.5483145,0,1,0.06561769
UPMC_c004_v001_r001_reg015,1.0,1,0.5483145,1,0,0.041589644
UPMC_c004_v001_r001_reg015,1.0,1,0.5483145,2,0,0.019755755
UPMC_c004_v001_r001_reg015,1.0,1,0.5483145,3,5,0.06347873
UPMC_c004_v001_r001_reg015,1.0,1,0.5483145,4,0,0.005291559
UPMC_c004_v001_r001_reg015,1.0,1,0.5483145,5,0,0.045757752
UPMC_c004_v001_r001_reg015,1.0,1,0.5483145,6,0,0.06572549
UPMC_c004_v001_r001_reg015,1.0,1,0.5483145,7,2,0.119566076
UPMC_c004_v001_r001_reg015,1.0,1,0.5483145,8,0,0.019242024
UPMC_c004_v001_r001_reg015,1.0,1,0.5483145,9,1,0.05927354
UPMC_c004_v001_r001_reg015,1.0,1,0.5483145,10,16,0.26739952
UPMC_c004_v001_r001_reg015,1.0,1,0.5483145,11,9,0.1644275
UPMC_c004_v001_r001_reg015,1.0,1,0.5483145,12,0,0.029938435
UPMC_c004_v001_r001_reg015,1.0,1,0.5483145,13,1,0.028869962
UPMC_c004_v001_r001_reg015,1.0,1,0.5483145,14,0,0.0040662684
UPMC_c001_v001_r001_reg016,1.0,1,0.548313,0,0,0.012822795
UPMC_c001_v001_r001_reg016,1.0,1,0.548313,1,1,0.057825655
UPMC_c001_v001_r001_reg016,1.0,1,0.548313,2,0,0.12236242
UPMC_c001_v001_r001_reg016,1.0,1,0.548313,3,0,0.0037577944
UPMC_c001_v001_r001_reg016,1.0,1,0.548313,4,3,0.055169348
UPMC_c001_v001_r001_reg016,1.0,1,0.548313,5,1,0.11261395
UPMC_c001_v001_r001_reg016,1.0,1,0.548313,6,1,0.0277996
UPMC_c001_v001_r001_reg016,1.0,1,0.548313,7,17,0.25261414
UPMC_c001_v001_r001_reg016,1.0,1,0.548313,8,0,0.017373227
UPMC_c001_v001_r001_reg016,1.0,1,0.548313,9,0,0.019803816
UPMC_c001_v001_r001_reg016,1.0,1,0.548313,10,0,0.030555276
UPMC_c001_v001_r001_reg016,1.0,1,0.548313,11,11,0.19967979
UPMC_c001_v001_r001_reg016,1.0,1,0.548313,12,1,0.06711289
UPMC_c001_v001_r001_reg016,1.0,1,0.548313,13,0,0.015114202
UPMC_c001_v001_r001_reg016,1.0,1,0.548313,14,0,0.0053951037
UPMC_c005_v001_r001_reg036,1.0,1,0.5483145,0,0,0.015773628
UPMC_c005_v001_r001_reg036,1.0,1,0.5483145,1,1,0.12726863
UPMC_c005_v001_r001_reg036,1.0,1,0.5483145,2,0,0.12033156
UPMC_c005_v001_r001_reg036,1.0,1,0.5483145,3,3,0.07591938
UPMC_c005_v001_r001_reg036,1.0,1,0.5483145,4,0,0.014049232
UPMC_c005_v001_r001_reg036,1.0,1,0.5483145,5,20,0.23024471
UPMC_c005_v001_r001_reg036,1.0,1,0.5483145,6,0,0.014045958
UPMC_c005_v001_r001_reg036,1.0,1,0.5483145,7,2,0.04790798
UPMC_c005_v001_r001_reg036,1.0,1,0.5483145,8,0,0.08503122
UPMC_c005_v001_r001_reg036,1.0,1,0.5483145,9,2,0.06865559
UPMC_c005_v001_r001_reg036,1.0,1,0.5483145,10,1,0.028536092
UPMC_c005_v001_r001_reg036,1.0,1,0.5483145,11,1,0.032650948
UPMC_c005_v001_r001_reg036,1.0,1,0.5483145,12,0,0.041169733
UPMC_c005_v001_r001_reg036,1.0,1,0.5483145,13,5,0.09381292
UPMC_c005_v001_r001_reg036,1.0,1,0.5483145,14,0,0.004602386
UPMC_c001_v001_r001_reg017,1.0,1,0.5483156,0,10,0.17341574
UPMC_c001_v001_r001_reg017,1.0,1,0.5483156,1,1,0.037848014
UPMC_c001_v001_r001_reg017,1.0,1,0.5483156,2,0,0.021007987
UPMC_c001_v001_r001_reg017,1.0,1,0.5483156,3,0,0.020248892
UPMC_c001_v001_r001_reg017,1.0,1,0.5483156,4,0,0.016081663
UPMC_c001_v001_r001_reg017,1.0,1,0.5483156,5,0,0.014976896
UPMC_c001_v001_r001_reg017,1.0,1,0.5483156,6,4,0.0810143
UPMC_c001_v001_r001_reg017,1.0,1,0.5483156,7,1,0.0919159
UPMC_c001_v001_r001_reg017,1.0,1,0.5483156,8,0,0.014173214
UPMC_c001_v001_r001_reg017,1.0,1,0.5483156,9,0,0.09198796
UPMC_c001_v001_r001_reg017,1.0,1,0.5483156,10,10,0.1974775
UPMC_c001_v001_r001_reg017,1.0,1,0.5483156,11,8,0.1709713
UPMC_c001_v001_r001_reg017,1.0,1,0.5483156,12,1,0.034943637
UPMC_c001_v001_r001_reg017,1.0,1,0.5483156,13,0,0.022722721
UPMC_c001_v001_r001_reg017,1.0,1,0.5483156,14,0,0.011214318
UPMC_c005_v001_r001_reg010,1.0,1,0.5483139,0,1,0.02828553
UPMC_c005_v001_r001_reg010,1.0,1,0.5483139,1,2,0.06651701
UPMC_c005_v001_r001_reg010,1.0,1,0.5483139,2,1,0.080469094
UPMC_c005_v001_r001_reg010,1.0,1,0.5483139,3,1,0.054089896
UPMC_c005_v001_r001_reg010,1.0,1,0.5483139,4,0,0.054124124
UPMC_c005_v001_r001_reg010,1.0,1,0.5483139,5,1,0.065438315
UPMC_c005_v001_r001_reg010,1.0,1,0.5483139,6,0,0.015117604
UPMC_c005_v001_r001_reg010,1.0,1,0.5483139,7,4,0.11764638
UPMC_c005_v001_r001_reg010,1.0,1,0.5483139,8,1,0.06562723
UPMC_c005_v001_r001_reg010,1.0,1,0.5483139,9,0,0.022902917
UPMC_c005_v001_r001_reg010,1.0,1,0.5483139,10,4,0.07075093
UPMC_c005_v001_r001_reg010,1.0,1,0.5483139,11,4,0.10500517
UPMC_c005_v001_r001_reg010,1.0,1,0.5483139,12,12,0.1605582
UPMC_c005_v001_r001_reg010,1.0,1,0.5483139,13,4,0.08948355
UPMC_c005_v001_r001_reg010,1.0,1,0.5483139,14,0,0.003984043
UPMC_c003_v001_r001_reg008,1.0,1,0.54831207,0,0,0.0011949341
UPMC_c003_v001_r001_reg008,1.0,1,0.54831207,1,0,0.07380964
UPMC_c003_v001_r001_reg008,1.0,1,0.54831207,2,3,0.17951071
UPMC_c003_v001_r001_reg008,1.0,1,0.54831207,3,0,0.00075135025
UPMC_c003_v001_r001_reg008,1.0,1,0.54831207,4,5,0.10666448
UPMC_c003_v001_r001_reg008,1.0,1,0.54831207,5,0,0.03173874
UPMC_c003_v001_r001_reg008,1.0,1,0.54831207,6,0,0.020113446
UPMC_c003_v001_r001_reg008,1.0,1,0.54831207,7,25,0.30182207
UPMC_c003_v001_r001_reg008,1.0,1,0.54831207,8,0,0.0047890637
UPMC_c003_v001_r001_reg008,1.0,1,0.54831207,9,0,0.001642623
UPMC_c003_v001_r001_reg008,1.0,1,0.54831207,10,0,0.0616639
UPMC_c003_v001_r001_reg008,1.0,1,0.54831207,11,0,0.036981188
UPMC_c003_v001_r001_reg008,1.0,1,0.54831207,12,2,0.14572999
UPMC_c003_v001_r001_reg008,1.0,1,0.54831207,13,0,0.028171124
UPMC_c003_v001_r001_reg008,1.0,1,0.54831207,14,0,0.005416697
UPMC_c003_v001_r001_reg002,1.0,1,0.5483125,0,0,0.0038959528
UPMC_c003_v001_r001_reg002,1.0,1,0.5483125,1,0,0.083689444
UPMC_c003_v001_r001_reg002,1.0,1,0.5483125,2,1,0.10633727
UPMC_c003_v001_r001_reg002,1.0,1,0.5483125,3,0,0.003917938
UPMC_c003_v001_r001_reg002,1.0,1,0.5483125,4,5,0.18338394
UPMC_c003_v001_r001_reg002,1.0,1,0.5483125,5,0,0.026653407
UPMC_c003_v001_r001_reg002,1.0,1,0.5483125,6,0,0.012108196
UPMC_c003_v001_r001_reg002,1.0,1,0.5483125,7,10,0.18948025
UPMC_c003_v001_r001_reg002,1.0,1,0.5483125,8,0,0.015096866
UPMC_c003_v001_r001_reg002,1.0,1,0.5483125,9,0,0.008560344
UPMC_c003_v001_r001_reg002,1.0,1,0.5483125,10,0,0.026067935
UPMC_c003_v001_r001_reg002,1.0,1,0.5483125,11,2,0.03956251
UPMC_c003_v001_r001_reg002,1.0,1,0.5483125,12,17,0.2618639
UPMC_c003_v001_r001_reg002,1.0,1,0.5483125,13,0,0.03892447
UPMC_c003_v001_r001_reg002,1.0,1,0.5483125,14,0,0.00045764446
UPMC_c005_v001_r001_reg003,1.0,1,0.5483158,0,7,0.18021914
UPMC_c005_v001_r001_reg003,1.0,1,0.5483158,1,0,0.06713988
UPMC_c005_v001_r001_reg003,1.0,1,0.5483158,2,0,0.01075496
UPMC_c005_v001_r001_reg003,1.0,1,0.5483158,3,2,0.08236379
UPMC_c005_v001_r001_reg003,1.0,1,0.5483158,4,3,0.0635361
UPMC_c005_v001_r001_reg003,1.0,1,0.5483158,5,0,0.008426277
UPMC_c005_v001_r001_reg003,1.0,1,0.5483158,6,5,0.100224584
UPMC_c005_v001_r001_reg003,1.0,1,0.5483158,7,1,0.03345849
UPMC_c005_v001_r001_reg003,1.0,1,0.5483158,8,0,0.026091361
UPMC_c005_v001_r001_reg003,1.0,1,0.5483158,9,9,0.17424157
UPMC_c005_v001_r001_reg003,1.0,1,0.5483158,10,5,0.10186568
UPMC_c005_v001_r001_reg003,1.0,1,0.5483158,11,1,0.045903813
UPMC_c005_v001_r001_reg003,1.0,1,0.5483158,12,1,0.05829368
UPMC_c005_v001_r001_reg003,1.0,1,0.5483158,13,1,0.04582512
UPMC_c005_v001_r001_reg003,1.0,1,0.5483158,14,0,0.001655502
UPMC_c004_v001_r001_reg001,1.0,1,0.5483177,0,11,0.21467568
UPMC_c004_v001_r001_reg001,1.0,1,0.5483177,1,0,0.06778531
UPMC_c004_v001_r001_reg001,1.0,1,0.5483177,2,0,0.013120975
UPMC_c004_v001_r001_reg001,1.0,1,0.5483177,3,8,0.18712239
UPMC_c004_v001_r001_reg001,1.0,1,0.5483177,4,0,0.002347954
UPMC_c004_v001_r001_reg001,1.0,1,0.5483177,5,0,0.043934986
UPMC_c004_v001_r001_reg001,1.0,1,0.5483177,6,0,0.010574965
UPMC_c004_v001_r001_reg001,1.0,1,0.5483177,7,1,0.023037702
UPMC_c004_v001_r001_reg001,1.0,1,0.5483177,8,7,0.1324918
UPMC_c004_v001_r001_reg001,1.0,1,0.5483177,9,6,0.18571983
UPMC_c004_v001_r001_reg001,1.0,1,0.5483177,10,0,0.02582283
UPMC_c004_v001_r001_reg001,1.0,1,0.5483177,11,0,0.033167303
UPMC_c004_v001_r001_reg001,1.0,1,0.5483177,12,1,0.011915911
UPMC_c004_v001_r001_reg001,1.0,1,0.5483177,13,1,0.045149192
UPMC_c004_v001_r001_reg001,1.0,1,0.5483177,14,0,0.003133167
UPMC_c004_v001_r001_reg052,0.0,1,0.54831177,0,0,0.0021795859
UPMC_c004_v001_r001_reg052,0.0,1,0.54831177,1,0,0.08167139
UPMC_c004_v001_r001_reg052,0.0,1,0.54831177,2,4,0.14572692
UPMC_c004_v001_r001_reg052,0.0,1,0.54831177,3,0,0.0026357821
UPMC_c004_v001_r001_reg052,0.0,1,0.54831177,4,1,0.14236005
UPMC_c004_v001_r001_reg052,0.0,1,0.54831177,5,0,0.07550866
UPMC_c004_v001_r001_reg052,0.0,1,0.54831177,6,0,0.00850021
UPMC_c004_v001_r001_reg052,0.0,1,0.54831177,7,3,0.103803195
UPMC_c004_v001_r001_reg052,0.0,1,0.54831177,8,0,0.010445888
UPMC_c004_v001_r001_reg052,0.0,1,0.54831177,9,0,0.006289827
UPMC_c004_v001_r001_reg052,0.0,1,0.54831177,10,1,0.018861238
UPMC_c004_v001_r001_reg052,0.0,1,0.54831177,11,0,0.005780307
UPMC_c004_v001_r001_reg052,0.0,1,0.54831177,12,26,0.36024782
UPMC_c004_v001_r001_reg052,0.0,1,0.54831177,13,0,0.03324214
UPMC_c004_v001_r001_reg052,0.0,1,0.54831177,14,0,0.0027469408
UPMC_c005_v001_r001_reg007,1.0,1,0.54831445,0,13,0.26702437
UPMC_c005_v001_r001_reg007,1.0,1,0.54831445,1,0,0.035668205
UPMC_c005_v001_r001_reg007,1.0,1,0.54831445,2,0,0.029877592
UPMC_c005_v001_r001_reg007,1.0,1,0.54831445,3,0,0.0310706
UPMC_c005_v001_r001_reg007,1.0,1,0.54831445,4,0,0.02140334
UPMC_c005_v001_r001_reg007,1.0,1,0.54831445,5,4,0.06856883
UPMC_c005_v001_r001_reg007,1.0,1,0.54831445,6,0,0.0129141
UPMC_c005_v001_r001_reg007,1.0,1,0.54831445,7,7,0.13536875
UPMC_c005_v001_r001_reg007,1.0,1,0.54831445,8,0,0.02923145
UPMC_c005_v001_r001_reg007,1.0,1,0.54831445,9,0,0.068000436
UPMC_c005_v001_r001_reg007,1.0,1,0.54831445,10,9,0.12455939
UPMC_c005_v001_r001_reg007,1.0,1,0.54831445,11,2,0.1026585
UPMC_c005_v001_r001_reg007,1.0,1,0.54831445,12,0,0.019896606
UPMC_c005_v001_r001_reg007,1.0,1,0.54831445,13,0,0.025653686
UPMC_c005_v001_r001_reg007,1.0,1,0.54831445,14,0,0.028104164
UPMC_c003_v001_r001_reg006,0.0,1,0.548312,0,0,0.012796688
UPMC_c003_v001_r001_reg006,0.0,1,0.548312,1,1,0.04701468
UPMC_c003_v001_r001_reg006,0.0,1,0.548312,2,10,0.22196308
UPMC_c003_v001_r001_reg006,0.0,1,0.548312,3,0,0.00051410677
UPMC_c003_v001_r001_reg006,0.0,1,0.548312,4,1,0.058569293
UPMC_c003_v001_r001_reg006,0.0,1,0.548312,5,0,0.11132927
UPMC_c003_v001_r001_reg006,0.0,1,0.548312,6,0,0.008401796
UPMC_c003_v001_r001_reg006,0.0,1,0.548312,7,18,0.30240592
UPMC_c003_v001_r001_reg006,0.0,1,0.548312,8,0,0.0073330514
UPMC_c003_v001_r001_reg006,0.0,1,0.548312,9,0,0.0027727862
UPMC_c003_v001_r001_reg006,0.0,1,0.548312,10,0,0.014358856
UPMC_c003_v001_r001_reg006,0.0,1,0.548312,11,4,0.12742962
UPMC_c003_v001_r001_reg006,0.0,1,0.548312,12,1,0.07645866
UPMC_c003_v001_r001_reg006,0.0,1,0.548312,13,0,0.0054457295
UPMC_c003_v001_r001_reg006,0.0,1,0.548312,14,0,0.0032065012
UPMC_c006_v001_r001_reg061,0.0,1,0.54831064,0,0,0.0036096908
UPMC_c006_v001_r001_reg061,0.0,1,0.54831064,1,0,0.052699488
UPMC_c006_v001_r001_reg061,0.0,1,0.54831064,2,13,0.20376353
UPMC_c006_v001_r001_reg061,0.0,1,0.54831064,3,0,0.00418365
UPMC_c006_v001_r001_reg061,0.0,1,0.54831064,4,19,0.23986389
UPMC_c006_v001_r001_reg061,0.0,1,0.54831064,5,1,0.057826795
UPMC_c006_v001_r001_reg061,0.0,1,0.54831064,6,0,0.017036585
UPMC_c006_v001_r001_reg061,0.0,1,0.54831064,7,2,0.067717806
UPMC_c006_v001_r001_reg061,0.0,1,0.54831064,8,0,0.012253311
UPMC_c006_v001_r001_reg061,0.0,1,0.54831064,9,0,0.0077271024
UPMC_c006_v001_r001_reg061,0.0,1,0.54831064,10,1,0.019456053
UPMC_c006_v001_r001_reg061,0.0,1,0.54831064,11,0,0.009417816
UPMC_c006_v001_r001_reg061,0.0,1,0.54831064,12,20,0.26925367
UPMC_c006_v001_r001_reg061,0.0,1,0.54831064,13,0,0.024614012
UPMC_c006_v001_r001_reg061,0.0,1,0.54831064,14,0,0.010576536
UPMC_c004_v001_r001_reg008,1.0,1,0.5483152,0,0,0.0016952254
UPMC_c004_v001_r001_reg008,1.0,1,0.5483152,1,8,0.15832384
UPMC_c004_v001_r001_reg008,1.0,1,0.5483152,2,0,0.07638796
UPMC_c004_v001_r001_reg008,1.0,1,0.5483152,3,1,0.09520039
UPMC_c004_v001_r001_reg008,1.0,1,0.5483152,4,0,0.015281049
UPMC_c004_v001_r001_reg008,1.0,1,0.5483152,5,10,0.15445581
UPMC_c004_v001_r001_reg008,1.0,1,0.5483152,6,0,0.015109365
UPMC_c004_v001_r001_reg008,1.0,1,0.5483152,7,1,0.04367705
UPMC_c004_v001_r001_reg008,1.0,1,0.5483152,8,6,0.14083673
UPMC_c004_v001_r001_reg008,1.0,1,0.5483152,9,0,0.051002555
UPMC_c004_v001_r001_reg008,1.0,1,0.5483152,10,0,0.014453701
UPMC_c004_v001_r001_reg008,1.0,1,0.5483152,11,0,0.020049445
UPMC_c004_v001_r001_reg008,1.0,1,0.5483152,12,0,0.06077515
UPMC_c004_v001_r001_reg008,1.0,1,0.5483152,13,9,0.14630023
UPMC_c004_v001_r001_reg008,1.0,1,0.5483152,14,0,0.0064516175
